Week,Site,Channel,Impressions,Clicks,Spend,Sales
2023-01-01,Amazon,Display,2963956.0,5472,0.8200000000000001,8234625.1
2023-01-01,CBS,Display,820075.0,136,0.12,8234625.1
2023-01-01,NBC Sports,Display,371.0,0,0.07,8234625.1
2023-01-01,Roku,Display,394512.0,110,0.24,8234625.1
2023-01-01,The Trade Desk,Display,18150.0,18,0.06,8234625.1
2023-01-01,Tubi Inc,Display,265697.0,72,0.36,8234625.1
2023-01-01,YouTube,Display,1163022.0,588,0.84,8234625.1
2023-01-01,Facebook/Instagram,Social,12366531.0,7475,16520.64,8234625.1
2023-01-08,Facebook/Instagram,Social,17400910.0,11247,25985.57,10155457.8
2023-01-08,Pinterest,Social,15181226.0,13462,42881.21,10155457.8
2023-01-15,Amazon,Display,252559.0,466,0.61,10538446.2
2023-01-15,CBS,Display,32956.0,5,0.02,10538446.2
2023-01-15,NBC Sports,Display,596033.0,53,0.1,10538446.2
2023-01-15,Roku,Display,12667.0,4,0.04,10538446.2
2023-01-15,The Trade Desk,Display,2846826.0,6741,0.14,10538446.2
2023-01-15,Tubi Inc,Display,13374.0,6,0.06,10538446.2
2023-01-15,YouTube,Display,4523273.0,1399,1.96,10538446.2
2023-01-15,Facebook/Instagram,Social,21359508.0,14507,33524.03,10538446.2
2023-01-15,Pinterest,Social,18665306.0,17044,53979.35,10538446.2
2023-01-22,Amazon,Display,57.0,0,0.51,10241207.4
2023-01-22,NBC Sports,Display,72.0,0,0.01,10241207.4
2023-01-22,The Trade Desk,Display,2815607.0,6593,0.14,10241207.4
2023-01-22,YouTube,Display,4486070.0,1363,1.96,10241207.4
2023-01-22,Facebook/Instagram,Social,21664304.0,15020,35640.56,10241207.4
2023-01-22,Pinterest,Social,17693639.0,15507,53976.45,10241207.4
2023-01-29,Amazon,Display,3099504.0,5725,0.56,9897463.23
2023-01-29,CBS,Display,805348.0,103,0.12,9897463.23
2023-01-29,Roku,Display,436518.0,118,0.24,9897463.23
2023-01-29,The Trade Desk,Display,2719381.0,5135,0.67,9897463.23
2023-01-29,Tubi Inc,Display,310502.0,80,0.18,9897463.23
2023-01-29,YouTube,Display,4581481.0,1391,2.0,9897463.23
2023-01-29,Facebook/Instagram,Social,21643827.0,15452,35574.99,9897463.23
2023-01-29,Pinterest,Social,17427539.0,14672,54255.84,9897463.23
2023-02-05,Amazon,Display,2662437.0,4917,0.55,0.0
2023-02-05,CBS,Display,812200.0,124,0.14,0.0
2023-02-05,Roku,Display,308668.0,83,0.28,0.0
2023-02-05,The Trade Desk,Display,2904991.0,5355,0.2,0.0
2023-02-05,Tubi Inc,Display,353779.5,87,0.21,0.0
2023-02-05,YouTube,Display,4466190.0,1682,1.96,0.0
2023-02-05,Facebook/Instagram,Social,19619520.0,13554,34944.0,9856178.28
2023-02-05,Pinterest,Social,17495284.0,14596,59295.85,9856178.28
2023-02-05,TikTok,Social,5735580.0,7791,14405.63,9856178.28
2023-02-12,Amazon,Display,298349.0,551,0.37,0.0
2023-02-12,CBS,Display,82506.0,27,0.02,0.0
2023-02-12,Roku,Display,9768.0,2,0.04,0.0
2023-02-12,The Trade Desk,Display,3097507.0,5105,3.5,0.0
2023-02-12,Tubi Inc,Display,45751.5,12,0.03,0.0
2023-02-12,YouTube,Display,5138557.5,2437,3.0100000000000002,0.0
2023-02-12,Facebook/Instagram,Social,20001816.0,13881,35497.0,9778717.01
2023-02-12,Pinterest,Social,18268298.0,15074,62955.93,9778717.01
2023-02-12,TikTok,Social,24011881.0,34909,69174.66,9778717.01
2023-02-19,Amazon,Display,31.0,0,0.28,0.0
2023-02-19,The Trade Desk,Display,2936238.0,6421,4.3500000000000005,0.0
2023-02-19,YouTube,Display,4764551.5,2111,3.29,0.0
2023-02-19,Facebook/Instagram,Social,19745227.0,13876,35295.61,9071115.21
2023-02-19,Pinterest,Social,16481832.0,13120,53709.72,9071115.21
2023-02-19,TikTok,Social,23330553.0,32611,63075.67,9071115.21
2023-02-26,Amazon,Display,2982501.0,5512,0.28,0.0
2023-02-26,CBS,Display,1410724.0,283,0.12,0.0
2023-02-26,Roku,Display,411544.0,113,0.24,0.0
2023-02-26,The Trade Desk,Display,2949335.0,7000,4.42,0.0
2023-02-26,Tubi Inc,Display,304253.0,76,0.18,0.0
2023-02-26,YouTube,Display,4888697.5,2286,3.33,0.0
2023-02-26,Facebook/Instagram,Social,20003391.0,13483,35994.09,9563246.82
2023-02-26,Pinterest,Social,15573976.0,12403,51166.02,9563246.82
2023-02-26,TikTok,Social,24425118.0,37535,65196.58,9563246.82
2023-03-05,Amazon,Display,2585043.0,4777,0.28,0.0
2023-03-05,CBS,Display,1492013.0,344,0.14,0.0
2023-03-05,Roku,Display,336522.0,90,0.28,0.0
2023-03-05,The Trade Desk,Display,3055130.0,6558,4.34,0.0
2023-03-05,Tubi Inc,Display,377142.5,92,0.21,0.0
2023-03-05,YouTube,Display,5111524.0,2437,3.36,0.0
2023-03-05,Facebook/Instagram,Social,19851949.0,13874,36391.46,9834201.96
2023-03-05,Pinterest,Social,14453491.0,11768,49022.57,9834201.96
2023-03-05,TikTok,Social,28010982.0,49275,77627.84,9834201.96
2023-03-05,Unknown_Site,TV,1.0,0,246063.95,9834201.96
2023-03-12,Amazon,Display,283279.0,523,0.09,0.0
2023-03-12,CBS,Display,147955.0,40,0.02,0.0
2023-03-12,Roku,Display,7627.0,3,0.09,0.0
2023-03-12,The Trade Desk,Display,2992005.0,7318,4.41,0.0
2023-03-12,Tubi Inc,Display,29739.5,8,0.03,0.0
2023-03-12,YouTube,Display,5311804.0,2785,3.36,0.0
2023-03-12,Facebook/Instagram,Social,19074090.0,12255,36642.78,9842864.28
2023-03-12,Pinterest,Social,14497893.0,12041,49176.06,9842864.28
2023-03-12,TikTok,Social,29598669.0,59144,94679.0,9842864.28
2023-03-19,Amazon,Display,330.0,0,0.13,0.0
2023-03-19,The Trade Desk,Display,3148743.0,9499,4.34,0.0
2023-03-19,YouTube,Display,5715413.0,3657,3.36,0.0
2023-03-19,Facebook/Instagram,Social,7798177.0,5425,14754.8,9604625.35
2023-03-19,Pinterest,Social,2322302.0,1975,8116.69,9604625.35
2023-03-19,TikTok,Social,28912008.0,51545,92056.93,9604625.35
2023-03-26,Amazon,Display,601873.0,1109,0.78,0.0
2023-03-26,CBS,Display,911910.0,86,0.13,0.0
2023-03-26,NBCU,Display,405454.0,295,0.12,0.0
2023-03-26,Roku,Display,455828.0,123,0.12,0.0
2023-03-26,The Trade Desk,Display,3100780.0,8289,4.44,0.0
2023-03-26,Tubi Inc,Display,594942.0,153,0.13,0.0
2023-03-26,YouTube,Display,5606662.5,3815,3.37,0.0
2023-03-26,Facebook/Instagram,Social,4356923.0,2017,8002.59,9404039.29
2023-03-26,Pinterest,Social,342966.0,286,1086.02,9404039.29
2023-03-26,TikTok,Social,12910696.0,20988,36691.35,9404039.29
2023-03-26,Unknown_Site,TV,1.0,0,159116.46,9404039.29
2023-04-02,Amazon,Display,515441.0,951,0.84,0.0
2023-04-02,CBS,Display,1003171.0,74,0.14,0.0
2023-04-02,NBCU,Display,395975.0,149,0.14,0.0
2023-04-02,Roku,Display,487970.0,131,0.14,0.0
2023-04-02,The Trade Desk,Display,2900351.0,5741,4.34,0.0
2023-04-02,Tubi Inc,Display,735522.0,188,0.14,0.0
2023-04-02,YouTube,Display,4840842.5,2082,3.49,0.0
2023-04-02,Facebook/Instagram,Social,19580427.0,10936,35449.19,9103074.7
2023-04-02,Pinterest,Social,316584.0,264,1002.48,9103074.7
2023-04-02,TikTok,Social,11088677.0,17472,27596.24,9103074.7
2023-04-02,Unknown_Site,TV,1.0,0,159116.46,9103074.7
2023-04-09,Amazon,Display,56171.0,103,0.62,0.0
2023-04-09,CBS,Display,107329.0,30,0.02,0.0
2023-04-09,NBCU,Display,58164.0,41,0.02,0.0
2023-04-09,Roku,Display,23573.0,6,0.02,0.0
2023-04-09,The Trade Desk,Display,1325004.0,2235,4.4,0.0
2023-04-09,Tubi Inc,Display,105873.0,27,0.02,0.0
2023-04-09,YouTube,Display,3225744.0,1675,3.4,0.0
2023-04-09,Facebook/Instagram,Social,21883358.0,13057,40735.86,9400439.27
2023-04-09,Pinterest,Social,356157.0,297,1127.7900000000002,9400439.27
2023-04-09,TikTok,Social,3410372.0,5395,8199.78,9400439.27
2023-04-16,Amazon,Display,59.0,0,0.54,0.0
2023-04-16,The Trade Desk,Display,1154497.0,1719,4.41,0.0
2023-04-16,YouTube,Display,2957965.0,1597,3.36,0.0
2023-04-16,Facebook/Instagram,Social,20745453.0,12343,40610.31,8601772.01
2023-04-16,Pinterest,Social,250629.0,209,793.6300000000001,8601772.01
2023-04-23,Amazon,Display,663855.0,1223,0.56,0.0
2023-04-23,CBS,Display,917463.0,82,0.12,0.0
2023-04-23,NBCU,Display,393399.0,118,0.12,0.0
2023-04-23,Roku,Display,430971.0,118,0.24,0.0
2023-04-23,The Trade Desk,Display,1178740.0,1937,4.34,0.0
2023-04-23,Tubi Inc,Display,632543.0,183,0.14,0.0
2023-04-23,YouTube,Display,3140764.0,1649,3.48,0.0
2023-04-23,Facebook/Instagram,Social,20668924.0,12224,40693.24,9310870.31
2023-04-23,Pinterest,Social,290202.0,242,918.94,9310870.31
2023-04-23,Unknown_Site,TV,1.0,0,159116.46,9310870.31
2023-04-30,Amazon,Display,464994.0,860,0.56,0.0
2023-04-30,CBS,Display,1010840.0,86,0.14,0.0
2023-04-30,NBCU,Display,452081.0,134,0.14,0.0
2023-04-30,Roku,Display,467203.0,123,0.28,0.0
2023-04-30,The Trade Desk,Display,1155230.0,1876,4.34,0.0
2023-04-30,Tubi Inc,Display,758108.0,179,0.14,0.0
2023-04-30,YouTube,Display,3077791.0,1626,3.44,0.0
2023-04-30,Facebook/Instagram,Social,20725178.0,12733,40473.43,9257641.52
2023-04-30,Pinterest,Social,211056.0,176,668.32,9257641.52
2023-04-30,Unknown_Site,TV,1.0,0,159116.46,9257641.52
2023-05-07,Amazon,Display,39324.0,72,0.36,0.0
2023-05-07,CBS,Display,93558.0,19,0.04,0.0
2023-05-07,NBCU,Display,38247.0,12,0.02,0.0
2023-05-07,Roku,Display,35221.0,8,0.05,0.0
2023-05-07,The Trade Desk,Display,1213147.0,2377,4.44,0.0
2023-05-07,Tubi Inc,Display,125230.5,27,0.04,0.0
2023-05-07,YouTube,Display,3108087.5,1683,3.33,0.0
2023-05-07,Facebook/Instagram,Social,19855673.0,12021,40330.62,9685965.44
2023-05-07,Pinterest,Social,277011.0,231,877.1700000000001,9685965.44
2023-05-14,Amazon,Display,31.0,0,0.28,0.0
2023-05-14,The Trade Desk,Display,1851794.0,4356,4.34,0.0
2023-05-14,YouTube,Display,4334185.5,2592,3.29,0.0
2023-05-14,Facebook/Instagram,Social,19154903.0,11612,39314.11,9220157.19
2023-05-14,Pinterest,Social,224247.0,187,710.09,9220157.19
2023-05-21,Amazon,Display,658844.0,1215,0.28,0.0
2023-05-21,CBS,Display,1567462.0,60,0.12,0.0
2023-05-21,NBCU,Display,391698.0,118,0.12,0.0
2023-05-21,Roku,Display,475390.0,129,0.24,0.0
2023-05-21,The Trade Desk,Display,1958472.0,5150,4.37,0.0
2023-05-21,Tubi Inc,Display,665253.0,151,0.12,0.0
2023-05-21,YouTube,Display,4248253.5,2463,3.41,0.0
2023-05-21,Facebook/Instagram,Social,19382940.0,11756,41222.25,8901739.66
2023-05-21,Pinterest,Social,158292.0,132,501.24,8901739.66
2023-05-21,Unknown_Site,TV,1.0,0,159116.46,8901739.66
2023-05-28,Amazon,Display,462313.0,855,0.29,0.0
2023-05-28,CBS,Display,1570847.0,91,0.14,0.0
2023-05-28,NBCU,Display,462000.0,127,0.14,0.0
2023-05-28,Roku,Display,558094.0,154,0.34,0.0
2023-05-28,The Trade Desk,Display,932938.0,2228,2.72,0.0
2023-05-28,Tubi Inc,Display,750708.0,246,0.14,0.0
2023-05-28,YouTube,Display,2513119.0,1232,2.12,0.0
2023-05-28,Facebook/Instagram,Social,12369962.0,7060,25154.02,8740458.1
2023-05-28,Pinterest,Social,263820.0,220,835.4000000000001,8740458.1
2023-05-28,Unknown_Site,TV,1.0,0,159116.46,8740458.1
2023-06-04,Amazon,Display,47815.0,88,0.08,0.0
2023-06-04,CBS,Display,200449.0,25,0.03,0.0
2023-06-04,NBCU,Display,80177.0,24,0.02,0.0
2023-06-04,Roku,Display,44714.0,12,0.06,0.0
2023-06-04,The Trade Desk,Display,72.0,0,0.4,0.0
2023-06-04,Tubi Inc,Display,107944.0,20,0.04,0.0
2023-06-04,YouTube,Display,39643.0,9,0.04,0.0
2023-06-04,Facebook/Instagram,Social,9836412.0,5494,20130.670000000002,8678092.2
2023-06-04,Pinterest,Social,224247.0,187,710.09,8678092.2
2023-06-11,The Trade Desk,Display,3057.0,2,0.32,0.0
2023-06-11,Facebook/Instagram,Social,9386938.0,5249,20128.97,9191120.67
2023-06-11,Pinterest,Social,184674.0,154,584.7800000000001,9191120.67
2023-06-18,The Trade Desk,Display,36.0,1,0.33,0.0
2023-06-18,Facebook/Instagram,Social,1363114.0,790,2873.09,9114137.06
2023-06-18,Pinterest,Social,211056.0,176,668.32,9114137.06
2023-06-18,Unknown_Site,TV,0.0,0,10.329848672059171,9114137.06
2023-06-25,Amazon,Display,1140041.0,2106,0.03,0.0
2023-06-25,CBS,Display,1.0,0,0.01,0.0
2023-06-25,Hulu,Display,1.0,0,0.01,0.0
2023-06-25,Roku,Display,14737.0,1,0.01,0.0
2023-06-25,The Trade Desk,Display,81711.0,81,0.6,0.0
2023-06-25,YouTube,Display,110764.0,50,0.08,0.0
2023-06-25,Pinterest,Social,171483.0,143,543.01,8739404.82
2023-06-25,Unknown_Site,TV,0.0,0,10.329848672059171,8739404.82
2023-07-02,The Trade Desk,Display,950991.0,1030,3.52,0.0
2023-07-02,YouTube,Display,1375714.0,676,1.04,0.0
2023-07-02,Pinterest,Social,7906051.0,7399,24339.43,8654060.81
2023-07-09,Amazon,Display,151.0,0,0.16,0.0
2023-07-09,Discovery,Display,11.0,5,0.06,0.0
2023-07-09,Roku,Display,2.0,0,0.02,0.0
2023-07-09,The Trade Desk,Display,1122939.0,1312,4.43,0.0
2023-07-09,YouTube,Display,1688106.5,1152,1.33,0.0
2023-07-09,Pinterest,Social,17314576.0,16330,56827.04,8702889.28
2023-07-16,Amazon,Display,588182.0,1088,0.56,0.0
2023-07-16,CBS,Display,1711152.0,88,0.12,0.0
2023-07-16,CWTV,Display,348875.0,171,0.18,0.0
2023-07-16,DV360,Display,7619431.0,2967,2.1,0.0
2023-07-16,Discovery,Display,701562.0,18,0.18,0.0
2023-07-16,Hulu,Display,397932.0,35,0.12,0.0
2023-07-16,NBCU,Display,1036594.0,297,0.12,0.0
2023-07-16,Roku,Display,1470418.0,396,0.36,0.0
2023-07-16,The Trade Desk,Display,1330273.0,1410,5.18,0.0
2023-07-16,YouTube,Display,2096323.0,1313,1.44,0.0
2023-07-16,Facebook/Instagram,Social,23305562.0,19853,58336.06,9212674.9
2023-07-16,Pinterest,Social,15945122.0,15912,56682.75,9212674.9
2023-07-16,TikTok,Social,6227244.0,9475,19136.66,9212674.9
2023-07-16,Unknown_Site,TV,1.0,0,253272.09,9212674.9
2023-07-23,Amazon,Display,495123.0,916,0.56,0.0
2023-07-23,CBS,Display,1717558.0,197,0.14,0.0
2023-07-23,CWTV,Display,520976.5,208,0.21,0.0
2023-07-23,DV360,Display,8476871.5,2962,2.45,0.0
2023-07-23,Discovery,Display,730214.0,21,0.21,0.0
2023-07-23,Hulu,Display,403468.0,33,0.14,0.0
2023-07-23,NBCU,Display,1000946.0,428,0.14,0.0
2023-07-23,Roku,Display,1252501.0,340,0.42,0.0
2023-07-23,The Trade Desk,Display,8120517.0,5413,7.86,0.0
2023-07-23,YouTube,Display,2209933.5,1361,1.47,0.0
2023-07-23,Facebook/Instagram,Social,28115903.0,25548,75237.37,9201067.77
2023-07-23,Pinterest,Social,15452695.0,15032,56819.15,9201067.77
2023-07-23,TikTok,Social,7861018.0,12560,23548.91,9201067.77
2023-07-23,Unknown_Site,TV,1.0,0,253272.09,9201067.77
2023-07-30,Amazon,Display,2722514.0,5030,1.29,9184224.24
2023-07-30,CBS,Display,1128708.0,166,0.14,9184224.24
2023-07-30,CWTV,Display,51282.5,38,0.05,0.0
2023-07-30,DV360,Display,8227435.5,2581,2.45,0.0
2023-07-30,Discovery,Display,79530.0,3,0.03,0.0
2023-07-30,Hulu,Display,54409.0,4,0.04,0.0
2023-07-30,NBC Sports,Display,2282041.0,298,0.14,9184224.24
2023-07-30,NBCU,Display,217927.0,121,0.06,0.0
2023-07-30,Roku,Display,400011.0,110,0.34,9184224.24
2023-07-30,The Trade Desk,Display,16674070.0,43325,9.14,9184224.24
2023-07-30,Tubi Inc,Display,205211.0,59,0.42,9184224.24
2023-07-30,YouTube,Display,5907276.0,2533,3.18,9184224.24
2023-07-30,Facebook/Instagram,Social,30215746.0,29053,81670.06,9184224.24
2023-07-30,Pinterest,Social,16305544.0,16333,57388.38,9184224.24
2023-07-30,TikTok,Social,8316181.0,12785,25314.64,9184224.24
2023-08-06,Amazon,Display,42.0,0,0.42,0.0
2023-08-06,DV360,Display,7984619.5,2327,2.41,0.0
2023-08-06,NBCU,Display,1.0,0,0.01,0.0
2023-08-06,The Trade Desk,Display,13293217.0,14208,9.69,0.0
2023-08-06,YouTube,Display,1726836.5,1262,1.33,0.0
2023-08-06,Facebook/Instagram,Social,35668132.0,37402,100022.8,9625326.46
2023-08-06,Pinterest,Social,17614210.0,18856,62737.36,9625326.46
2023-08-06,TikTok,Social,11576618.0,17459,38056.74,9625326.46
2023-08-13,Amazon,Display,601362.0,1110,0.42,0.0
2023-08-13,CBS,Display,1785321.5,85,0.13,0.0
2023-08-13,CWTV,Display,454593.0,177,0.18,0.0
2023-08-13,DV360,Display,8099125.5,2279,2.45,0.0
2023-08-13,Discovery,Display,699046.0,18,0.18,0.0
2023-08-13,Hulu,Display,425122.0,31,0.12,0.0
2023-08-13,NBCU,Display,1071960.0,392,0.12,0.0
2023-08-13,Roku,Display,1444295.0,389,0.36,0.0
2023-08-13,The Trade Desk,Display,11727004.0,15809,9.8,0.0
2023-08-13,YouTube,Display,2139131.5,1285,1.45,0.0
2023-08-13,Facebook/Instagram,Social,36137578.0,36896,104502.74,9657422.18
2023-08-13,Pinterest,Social,19175647.0,21926,69800.49,9657422.18
2023-08-13,TikTok,Social,11977988.0,18801,43301.83,9657422.18
2023-08-13,Unknown_Site,TV,1.0,0,253272.09,9657422.18
2023-08-20,Amazon,Display,522016.0,964,0.42,0.0
2023-08-20,CBS,Display,1678665.0,109,0.14,0.0
2023-08-20,CWTV,Display,412745.5,192,0.21,0.0
2023-08-20,DV360,Display,8068849.5,2240,2.45,0.0
2023-08-20,Discovery,Display,730839.0,21,0.21,0.0
2023-08-20,Hulu,Display,378068.0,37,0.14,0.0
2023-08-20,NBCU,Display,994545.0,335,0.14,0.0
2023-08-20,Roku,Display,1190459.0,327,0.42,0.0
2023-08-20,The Trade Desk,Display,10258205.0,11781,9.81,0.0
2023-08-20,YouTube,Display,2197586.5,1230,1.47,0.0
2023-08-20,Facebook/Instagram,Social,34803091.0,35729,104162.92,9784954.04
2023-08-20,Pinterest,Social,18202630.0,20942,69846.7,9784954.04
2023-08-20,TikTok,Social,11623906.0,16932,40958.57,9784954.04
2023-08-20,Unknown_Site,TV,1.0,0,253272.09,9784954.04
2023-08-27,Amazon,Display,98093.0,182,0.23,0.0
2023-08-27,CBS,Display,230434.5,31,0.04,0.0
2023-08-27,CWTV,Display,44366.5,39,0.05,0.0
2023-08-27,DV360,Display,8125886.5,2134,2.45,0.0
2023-08-27,Discovery,Display,81264.0,3,0.03,0.0
2023-08-27,Hulu,Display,54047.0,4,0.04,0.0
2023-08-27,NBCU,Display,94751.0,65,0.04,0.0
2023-08-27,Roku,Display,87742.0,24,0.06,0.0
2023-08-27,The Trade Desk,Display,9786911.0,10578,9.81,0.0
2023-08-27,YouTube,Display,2848148.5,2389,1.35,0.0
2023-08-27,Facebook/Instagram,Social,4765376.0,4870,14054.91,9617517.61
2023-08-27,Pinterest,Social,13622459.0,15230,55445.9,9617517.61
2023-08-27,TikTok,Social,13269485.0,20351,39573.76,9617517.61
2023-09-03,Amazon,Display,15.0,0,0.14,0.0
2023-09-03,DV360,Display,8227551.5,2058,2.45,0.0
2023-09-03,The Trade Desk,Display,9385034.0,10323,9.8,0.0
2023-09-03,YouTube,Display,4260908.5,4370,1.33,0.0
2023-09-03,Pinterest,Social,24131101.0,26088,116519.53,9369941.3
2023-09-03,TikTok,Social,12423742.0,18891,35079.46,9369941.3
2023-09-10,Amazon,Display,585643.0,1081,0.14,0.0
2023-09-10,CBS,Display,1826928.0,84,0.14,0.0
2023-09-10,CWTV,Display,482801.0,207,0.18,0.0
2023-09-10,DV360,Display,8294328.5,2234,2.45,0.0
2023-09-10,Discovery,Display,698329.0,18,0.18,0.0
2023-09-10,Hulu,Display,392056.0,36,0.12,0.0
2023-09-10,NBCU,Display,1134042.0,191,0.12,0.0
2023-09-10,Roku,Display,1399451.0,375,0.36,0.0
2023-09-10,The Trade Desk,Display,4834975.0,5060,9.24,0.0
2023-09-10,YouTube,Display,5165701.5,5344,1.45,0.0
2023-09-10,Facebook/Instagram,Social,31087777.0,27905,80270.6,9491445.2
2023-09-10,Pinterest,Social,29956201.0,34754,174903.23,9491445.2
2023-09-10,TikTok,Social,11404102.0,15837,35829.46,9491445.2
2023-09-17,Amazon,Display,497786.0,920,0.14,0.0
2023-09-17,CBS,Display,1703033.0,152,0.14,0.0
2023-09-17,CWTV,Display,405638.5,184,0.21,0.0
2023-09-17,DV360,Display,7948954.5,2099,2.45,0.0
2023-09-17,Discovery,Display,733189.0,21,0.21,0.0
2023-09-17,Hulu,Display,431843.0,47,0.14,0.0
2023-09-17,NBCU,Display,899258.0,262,0.14,0.0
2023-09-17,Roku,Display,1149396.0,312,0.42,0.0
2023-09-17,The Trade Desk,Display,4195669.0,4736,9.01,0.0
2023-09-17,YouTube,Display,5593537.5,5805,1.47,0.0
2023-09-17,Facebook/Instagram,Social,39801543.0,39856,122535.86,9498652.67
2023-09-17,Pinterest,Social,29775615.0,29863,134238.03,9498652.67
2023-09-17,TikTok,Social,10743007.0,15011,37253.08,9498652.67
2023-09-24,Amazon,Display,514912.0,951,0.06,0.0
2023-09-24,CBS,Display,228196.5,18,0.03,0.0
2023-09-24,CWTV,Display,27679.5,31,0.05,0.0
2023-09-24,DV360,Display,4491760.5,1042,2.45,0.0
2023-09-24,Discovery,Display,80600.0,3,0.03,0.0
2023-09-24,Hulu,Display,64149.0,8,0.04,0.0
2023-09-24,NBCU,Display,92632.0,29,0.06,0.0
2023-09-24,Roku,Display,77070.0,20,0.06,0.0
2023-09-24,The Trade Desk,Display,3810881.0,5056,9.17,0.0
2023-09-24,YouTube,Display,4704157.5,5139,1.37,0.0
2023-09-24,Facebook/Instagram,Social,30029377.0,27670,92240.17,9242692.89
2023-09-24,Pinterest,Social,13579909.0,12138,53781.85,9242692.89
2023-09-24,TikTok,Social,8273701.0,10419,26704.41,9242692.89
2023-10-01,DV360,Display,3965332.5,703,2.45,0.0
2023-10-01,The Trade Desk,Display,3590672.0,4375,7.890000000000001,0.0
2023-10-01,YouTube,Display,2723253.5,2376,1.33,0.0
2023-10-01,Facebook/Instagram,Social,33006534.0,31068,91472.65,9080428.22
2023-10-01,Pinterest,Social,14921760.0,12793,44386.91,9080428.22
2023-10-01,TikTok,Social,9435532.0,11078,27540.95,9080428.22
2023-10-08,DV360,Display,3907058.5,709,2.45,0.0
2023-10-08,NBCU,Display,1.0,0,0.01,0.0
2023-10-08,The Trade Desk,Display,3849277.0,4340,7.62,0.0
2023-10-08,YouTube,Display,2639007.5,2151,1.33,0.0
2023-10-08,Facebook/Instagram,Social,21516017.0,16900,58617.2,9365765.46
2023-10-08,Pinterest,Social,2597187.0,2308,7934.31,9365765.46
2023-10-08,TikTok,Social,5956481.0,7666,16840.49,9365765.46
2023-10-15,DV360,Display,3812113.5,702,2.45,0.0
2023-10-15,The Trade Desk,Display,3684145.0,4063,7.8100000000000005,0.0
2023-10-15,YouTube,Display,2545480.5,2099,1.33,0.0
2023-10-15,Facebook/Instagram,Social,26517240.0,22912,78472.89,9260956.15
2023-10-15,Pinterest,Social,6814053.0,5148,22050.05,9260956.15
2023-10-15,TikTok,Social,5178977.0,6855,12914.15,9260956.15
2023-10-22,DV360,Display,3668985.5,679,2.45,0.0
2023-10-22,The Trade Desk,Display,3628853.0,3756,7.8,0.0
2023-10-22,YouTube,Display,2433523.5,1915,1.33,0.0
2023-10-22,Facebook/Instagram,Social,28879804.0,27572,104543.72,9117107.37
2023-10-22,Pinterest,Social,7904507.0,5776,25933.54,9117107.37
2023-10-22,TikTok,Social,8725724.0,11150,25160.16,9117107.37
2023-10-29,Amazon,Display,3179774.0,5142,0.23,0.0
2023-10-29,DV360,Display,4711325.5,1004,2.45,0.0
2023-10-29,The Trade Desk,Display,3242732.0,3383,8.23,0.0
2023-10-29,YouTube,Display,2316350.5,1887,1.33,0.0
2023-10-29,Facebook/Instagram,Social,30183578.0,27569,105142.78,8803997.44
2023-10-29,Pinterest,Social,7752298.0,5593,26107.92,8803997.44
2023-10-29,TikTok,Social,15894385.0,18044,50285.48,8803997.44
2023-11-05,Amazon,Display,5139316.0,9495,0.42,0.0
2023-11-05,DV360,Display,3087769.5,550,1.37,0.0
2023-11-05,The Trade Desk,Display,2592021.0,2440,7.2700000000000005,0.0
2023-11-05,YouTube,Display,2007284.5,1513,1.33,0.0
2023-11-05,Facebook/Instagram,Social,17117695.0,11569,49665.66,9105374.03
2023-11-05,Pinterest,Social,1696120.0,1310,5439.42,9105374.03
2023-11-05,TikTok,Social,3042337.0,3690,9483.29,9105374.03
2023-11-12,Amazon,Display,6258835.0,11558,0.38,0.0
2023-11-12,DV360,Display,2837138.5,476,1.19,0.0
2023-11-12,The Trade Desk,Display,283404.0,265,1.47,0.0
2023-11-12,YouTube,Display,242915.0,146,0.22,0.0
2023-11-12,Facebook/Instagram,Social,14240701.0,8285,39678.58,9427325.5
2023-11-12,Pinterest,Social,2070285.0,1532,6517.240000000001,9427325.5
2023-11-19,Amazon,Display,5926659.0,10947,0.28,0.0
2023-11-19,DV360,Display,2837138.5,476,1.19,0.0
2023-11-19,The Trade Desk,Display,27.0,0,0.27,0.0
2023-11-19,Facebook/Instagram,Social,13306329.0,7541,39931.62,9136433.41
2023-11-19,Pinterest,Social,4504053.0,3419,13971.01,9136433.41
2023-11-26,Amazon,Display,6083607.0,11237,0.28,0.0
2023-11-26,DV360,Display,4654553.5,974,2.09,0.0
2023-11-26,The Trade Desk,Display,26.0,0,0.26,0.0
2023-11-26,Facebook/Instagram,Social,63563088.0,51303,220491.41,7388082.66
2023-11-26,Pinterest,Social,4668128.0,3329,13835.14,7388082.66
2023-11-26,TikTok,Social,31717201.0,37416,117029.23,7388082.66
2023-12-03,Amazon,Display,5223868.0,9650,0.28,0.0
2023-12-03,DV360,Display,6234926.5,1420,2.45,0.0
2023-12-03,The Trade Desk,Display,38.0,11,0.36,0.0
2023-12-03,Facebook/Instagram,Social,105125269.0,87724,383890.56,8667180.32
2023-12-03,Pinterest,Social,1108882.0,888,3284.4500000000003,8667180.32
2023-12-03,TikTok,Social,46059731.0,59265,180950.07,8667180.32
2023-12-10,Amazon,Display,6378862.0,11782,0.29,0.0
2023-12-10,CWTV,Display,5.0,0,0.02,0.0
2023-12-10,DV360,Display,6071000.5,1530,2.45,0.0
2023-12-10,Disney,Display,8321.0,2,0.01,0.0
2023-12-10,Roku,Display,14737.0,3,0.01,0.0
2023-12-10,The Trade Desk,Display,28.0,5,0.27,0.0
2023-12-10,Facebook/Instagram,Social,101885921.0,90098,378759.12,9272918.99
2023-12-10,Pinterest,Social,646359.0,539,2046.7300000000002,9272918.99
2023-12-10,TikTok,Social,39156129.0,57342,179335.44,9272918.99
2023-12-17,Amazon,Display,6513843.0,12034,0.28,0.0
2023-12-17,DV360,Display,6182370.5,1123,2.57,0.0
2023-12-17,Hulu,Display,1.0,0,0.01,0.0
2023-12-17,Roku,Display,4.0,0,0.04,0.0
2023-12-17,The Trade Desk,Display,48.0,6,0.42,0.0
2023-12-17,Facebook/Instagram,Social,81978413.0,63600,275031.42,8856134.26
2023-12-17,Pinterest,Social,593595.0,495,1879.65,8856134.26
2023-12-17,TikTok,Social,38435586.0,58571,174057.31,8856134.26
2023-12-24,Amazon,Display,3078728.0,5687,0.34,0.0
2023-12-24,DV360,Display,5316009.5,938,2.45,0.0
2023-12-24,The Trade Desk,Display,30.0,7,0.3,0.0
2023-12-24,Facebook/Instagram,Social,9620533.0,7335,26721.02,8393371.77
2023-12-24,Pinterest,Social,554022.0,462,1754.3400000000001,8393371.77
2023-12-24,TikTok,Social,5436525.0,8698,23579.75,8393371.77
2023-12-31,Forums,Brandwatch,0.0,0,10.329848672059171,7578936.55
2023-12-31,Review,Brandwatch,0.0,0,10.329848672059171,7578936.55
2023-12-31,Tumblr,Brandwatch,0.0,0,10.329848672059171,7578936.55
2023-12-31,X,Brandwatch,4992.0,0,10.329848672059171,7578936.55
2023-12-31,Amazon,Display,2020359.0,3731,0.25,0.0
2023-12-31,CBS,Display,1065877.5,568,0.13,0.0
2023-12-31,CWTV,Display,264532.0,644,0.12,0.0
2023-12-31,DV360,Display,7603651.0,1079,2.12,0.0
2023-12-31,Disney,Display,678653.0,167,0.35000000000000003,0.0
2023-12-31,Hulu,Display,417866.0,36,0.12,0.0
2023-12-31,Roku,Display,769882.0,209,0.24,0.0
2023-12-31,The Trade Desk,Display,3313813.0,3599,3.72,0.0
2023-12-31,Instagram,Infegy,0.0,0,10.329848672059171,7578936.55
2023-12-31,Pinterest,Social,593595.0,495,1879.65,7578936.55
2023-12-31,Cable,TV,2.0,0,84017.0,7578936.55
2023-12-31,NET,TV,1.0,0,12549.0,7578936.55
2023-12-31,SYND,TV,1.0,0,4228.0,7578936.55
2024-01-07,Forums,Brandwatch,0.0,0,10.329848672059171,9772220.36
2024-01-07,X,Brandwatch,37661.0,0,10.329848672059171,9772220.36
2024-01-07,Amazon,Display,1817000.0,3356,0.15,0.0
2024-01-07,CBS,Display,698393.0,315,0.14,0.0
2024-01-07,CWTV,Display,247325.0,664,0.14,0.0
2024-01-07,DV360,Display,7773783.0,925,2.52,0.0
2024-01-07,Disney,Display,574543.0,154,0.42,0.0
2024-01-07,Hulu,Display,435350.0,42,0.14,0.0
2024-01-07,Roku,Display,667769.0,182,0.28,0.0
2024-01-07,The Trade Desk,Display,4387840.0,5192,5.42,0.0
2024-01-07,Instagram,Infegy,0.0,0,10.329848672059171,9772220.36
2024-01-07,Facebook/Instagram,Social,29781779.0,16790,57009.67,9772220.36
2024-01-07,Pinterest,Social,14522197.0,13515,31857.82,9772220.36
2024-01-07,TikTok,Social,5786115.0,6840,14169.470000000001,9772220.36
2024-01-07,Cable,TV,2.0,0,147377.0,9772220.36
2024-01-07,NET,TV,2.0,0,97218.0,9772220.36
2024-01-07,SYND,TV,1.0,0,2819.0,9772220.36
2024-01-14,Forums,Brandwatch,0.0,0,10.329848672059171,10224967.8
2024-01-14,X,Brandwatch,8494.0,0,10.329848672059171,10224967.8
2024-01-14,Amazon,Display,1774981.0,3280,0.14,0.0
2024-01-14,CBS,Display,723609.0,234,0.14,0.0
2024-01-14,CWTV,Display,274925.0,543,0.14,0.0
2024-01-14,DV360,Display,7012703.0,871,2.52,0.0
2024-01-14,Disney,Display,581336.0,176,0.42,0.0
2024-01-14,Hulu,Display,384246.0,28,0.14,0.0
2024-01-14,Roku,Display,218097.0,56,0.28,0.0
2024-01-14,The Trade Desk,Display,4230985.0,4854,5.58,0.0
2024-01-14,Instagram,Infegy,0.0,0,10.329848672059171,10224967.8
2024-01-14,Facebook/Instagram,Social,39605326.0,22735,79659.05,10224967.8
2024-01-14,Pinterest,Social,18364763.0,16584,39143.04,10224967.8
2024-01-14,TikTok,Social,7174306.0,10020,18421.17,10224967.8
2024-01-21,Forums,Brandwatch,0.0,0,10.329848672059171,9655775.66
2024-01-21,Tumblr,Brandwatch,0.0,0,10.329848672059171,9655775.66
2024-01-21,X,Brandwatch,50490.0,0,10.329848672059171,9655775.66
2024-01-21,Amazon,Display,1749423.0,3233,0.14,0.0
2024-01-21,CBS,Display,672125.0,121,0.14,0.0
2024-01-21,CWTV,Display,254024.0,410,0.14,0.0
2024-01-21,DV360,Display,6549542.0,877,2.52,0.0
2024-01-21,Disney,Display,373931.0,50,0.42,0.0
2024-01-21,Hulu,Display,337802.0,29,0.14,0.0
2024-01-21,Roku,Display,318407.0,84,0.28,0.0
2024-01-21,The Trade Desk,Display,4191401.0,5356,5.46,0.0
2024-01-21,Instagram,Infegy,0.0,0,10.329848672059171,9655775.66
2024-01-21,Facebook/Instagram,Social,37611556.0,21590,82354.34,9655775.66
2024-01-21,Pinterest,Social,17970920.0,15669,38640.33,9655775.66
2024-01-21,TikTok,Social,6860308.0,8905,18453.0,9655775.66
2024-01-28,Forums,Brandwatch,0.0,0,10.329848672059171,9442055.74
2024-01-28,Tumblr,Brandwatch,0.0,0,10.329848672059171,9442055.74
2024-01-28,X,Brandwatch,1815.0,0,10.329848672059171,9442055.74
2024-01-28,Amazon,Display,1858595.0,3433,0.14,0.0
2024-01-28,CBS,Display,827110.0,176,0.16,0.0
2024-01-28,CWTV,Display,237152.0,267,0.14,0.0
2024-01-28,DV360,Display,5822086.0,847,2.24,0.0
2024-01-28,Disney,Display,393844.0,75,0.41000000000000003,0.0
2024-01-28,Hulu,Display,358773.0,39,0.14,0.0
2024-01-28,Roku,Display,431896.0,118,0.28,0.0
2024-01-28,The Trade Desk,Display,3409782.0,3999,5.41,0.0
2024-01-28,Instagram,Infegy,0.0,0,10.329848672059171,9442055.74
2024-01-28,Facebook/Instagram,Social,36662873.0,20707,81900.54,9442055.74
2024-01-28,Pinterest,Social,14450491.0,12748,31481.79,9442055.74
2024-01-28,TikTok,Social,6030724.0,7999,16381.47,9442055.74
2024-01-28,Cable,TV,2.0,0,85938.0,9442055.74
2024-01-28,NET,TV,2.0,0,28874.0,9442055.74
2024-01-28,SYND,TV,1.0,0,5637.0,9442055.74
2024-02-04,Forums,Brandwatch,0.0,0,10.329848672059171,9684387.89
2024-02-04,Tumblr,Brandwatch,0.0,0,10.329848672059171,9684387.89
2024-02-04,X,Brandwatch,18683.0,0,10.329848672059171,9684387.89
2024-02-04,Amazon,Display,1862696.0,3441,0.14,0.0
2024-02-04,CBS,Display,835533.0,100,0.14,0.0
2024-02-04,CWTV,Display,204983.0,237,0.14,0.0
2024-02-04,DV360,Display,4701616.0,657,1.68,0.0
2024-02-04,Disney,Display,747164.0,127,0.42,0.0
2024-02-04,Hulu,Display,520376.0,52,0.14,0.0
2024-02-04,Roku,Display,756803.0,207,0.28,0.0
2024-02-04,The Trade Desk,Display,2699770.0,2582,4.78,0.0
2024-02-04,Instagram,Infegy,0.0,0,10.329848672059171,9684387.89
2024-02-04,Facebook/Instagram,Social,35803289.0,18793,80861.7,9684387.89
2024-02-04,Pinterest,Social,9246785.0,7924,20095.62,9684387.89
2024-02-04,TikTok,Social,4632567.0,5529,12837.45,9684387.89
2024-02-04,Cable,TV,2.0,0,123319.0,9684387.89
2024-02-04,NET,TV,2.0,0,28565.0,9684387.89
2024-02-04,SYND,TV,1.0,0,4228.0,9684387.89
2024-02-11,Forums,Brandwatch,0.0,0,10.329848672059171,9772173.92
2024-02-11,Review,Brandwatch,0.0,0,10.329848672059171,9772173.92
2024-02-11,X,Brandwatch,19496.0,0,10.329848672059171,9772173.92
2024-02-11,Amazon,Display,1703414.0,3146,0.14,0.0
2024-02-11,CBS,Display,794835.0,139,0.14,0.0
2024-02-11,CWTV,Display,192773.0,313,0.14,0.0
2024-02-11,DV360,Display,4074614.0,649,1.68,0.0
2024-02-11,Disney,Display,563332.0,73,0.42,0.0
2024-02-11,Hulu,Display,409428.0,44,0.14,0.0
2024-02-11,Roku,Display,624506.0,167,0.28,0.0
2024-02-11,The Trade Desk,Display,2675399.0,3275,4.5,0.0
2024-02-11,Instagram,Infegy,0.0,0,10.329848672059171,9772173.92
2024-02-11,Facebook/Instagram,Social,34587539.0,17941,77306.25,9772173.92
2024-02-11,Pinterest,Social,8345352.0,7193,18192.23,9772173.92
2024-02-11,TikTok,Social,4368979.0,5635,12844.77,9772173.92
2024-02-11,Cable,TV,0.0,0,10.329848672059171,9772173.92
2024-02-18,Forums,Brandwatch,0.0,0,10.329848672059171,9113281.22
2024-02-18,Tumblr,Brandwatch,0.0,0,10.329848672059171,9113281.22
2024-02-18,X,Brandwatch,1072.0,0,10.329848672059171,9113281.22
2024-02-18,Amazon,Display,1398852.0,2585,0.14,0.0
2024-02-18,CBS,Display,740239.0,33,0.14,0.0
2024-02-18,CWTV,Display,236678.0,582,0.14,0.0
2024-02-18,DV360,Display,3837183.0,615,1.68,0.0
2024-02-18,Disney,Display,416259.0,50,0.42,0.0
2024-02-18,Hulu,Display,337312.0,42,0.14,0.0
2024-02-18,Roku,Display,379180.0,101,0.28,0.0
2024-02-18,The Trade Desk,Display,2287713.0,2514,4.37,0.0
2024-02-18,Facebook/Instagram,Social,6935065.0,3277,13329.74,9113281.22
2024-02-18,Pinterest,Social,9221451.0,8244,20464.17,9113281.22
2024-02-18,TikTok,Social,4178252.0,5617,12807.35,9113281.22
2024-02-25,Forums,Brandwatch,0.0,0,10.329848672059171,9437955.27
2024-02-25,X,Brandwatch,76436.0,0,10.329848672059171,9437955.27
2024-02-25,Amazon,Display,1350248.0,2494,0.14,0.0
2024-02-25,CBS,Display,885179.5,223,0.15,0.0
2024-02-25,CWTV,Display,232212.0,576,0.14,0.0
2024-02-25,DV360,Display,3717805.0,601,1.68,0.0
2024-02-25,Disney,Display,360121.0,70,0.38,0.0
2024-02-25,Hulu,Display,304183.0,29,0.14,0.0
2024-02-25,Roku,Display,524056.0,141,0.28,0.0
2024-02-25,The Trade Desk,Display,1886541.0,1980,4.2,0.0
2024-02-25,Instagram,Infegy,0.0,0,10.329848672059171,9437955.27
2024-02-25,Facebook/Instagram,Social,8680166.0,3232,15111.89,9437955.27
2024-02-25,Pinterest,Social,7530232.0,6656,16614.9,9437955.27
2024-02-25,TikTok,Social,4116817.0,5848,12784.8,9437955.27
2024-02-25,Cable,TV,2.0,0,88436.0,9437955.27
2024-02-25,NET,TV,1.0,0,28376.0,9437955.27
2024-02-25,SYND,TV,1.0,0,1409.0,9437955.27
2024-03-03,Forums,Brandwatch,0.0,0,10.329848672059171,9570651.82
2024-03-03,Tumblr,Brandwatch,0.0,0,10.329848672059171,9570651.82
2024-03-03,X,Brandwatch,4887.0,0,10.329848672059171,9570651.82
2024-03-03,Amazon,Display,1270385.0,2347,0.14,0.0
2024-03-03,CBS,Display,839622.0,95,0.14,0.0
2024-03-03,CWTV,Display,223073.0,415,0.14,0.0
2024-03-03,DV360,Display,3569127.0,597,1.68,0.0
2024-03-03,Disney,Display,631951.0,109,0.35000000000000003,0.0
2024-03-03,Hulu,Display,475705.0,53,0.14,0.0
2024-03-03,Roku,Display,547830.0,145,0.28,0.0
2024-03-03,The Trade Desk,Display,1778787.0,1530,3.95,0.0
2024-03-03,Instagram,Infegy,0.0,0,10.329848672059171,9570651.82
2024-03-03,Facebook/Instagram,Social,11021777.0,3829,20839.97,9570651.82
2024-03-03,Pinterest,Social,8325228.0,7208,18518.58,9570651.82
2024-03-03,TikTok,Social,3951227.0,5524,12695.04,9570651.82
2024-03-03,Cable,TV,2.0,0,115766.0,9570651.82
2024-03-03,NET,TV,1.0,0,25493.0,9570651.82
2024-03-03,SYND,TV,1.0,0,2819.0,9570651.82
2024-03-10,Forums,Brandwatch,0.0,0,10.329848672059171,9715268.0
2024-03-10,Review,Brandwatch,0.0,0,10.329848672059171,9715268.0
2024-03-10,Tumblr,Brandwatch,0.0,0,10.329848672059171,9715268.0
2024-03-10,X,Brandwatch,3121.0,0,10.329848672059171,9715268.0
2024-03-10,Amazon,Display,1142082.0,2111,0.15,0.0
2024-03-10,CBS,Display,794255.0,128,0.14,0.0
2024-03-10,CWTV,Display,207255.0,199,0.14,0.0
2024-03-10,DV360,Display,3519196.0,581,1.68,0.0
2024-03-10,Disney,Display,657910.0,107,0.35000000000000003,0.0
2024-03-10,Hulu,Display,487084.0,45,0.14,0.0
2024-03-10,Roku,Display,460805.0,122,0.28,0.0
2024-03-10,The Trade Desk,Display,1718215.0,1543,3.95,0.0
2024-03-10,Instagram,Infegy,0.0,0,10.329848672059171,9715268.0
2024-03-10,Facebook/Instagram,Social,12610642.0,4695,25679.71,9715268.0
2024-03-10,Pinterest,Social,7767908.0,6588,18534.74,9715268.0
2024-03-10,TikTok,Social,3714441.0,5035,12539.2,9715268.0
2024-03-17,Forums,Brandwatch,0.0,0,10.329848672059171,9413316.8
2024-03-17,X,Brandwatch,1646.0,0,10.329848672059171,9413316.8
2024-03-17,Amazon,Display,1061097.0,1961,0.14,0.0
2024-03-17,CBS,Display,899757.0,97,0.18,0.0
2024-03-17,CWTV,Display,216450.0,133,0.16,0.0
2024-03-17,DV360,Display,3424461.0,564,1.68,0.0
2024-03-17,Disney,Display,1022009.0,179,0.4,0.0
2024-03-17,Hulu,Display,361984.0,34,0.14,0.0
2024-03-17,Roku,Display,370414.0,99,0.28,0.0
2024-03-17,The Trade Desk,Display,1603455.0,1507,3.85,0.0
2024-03-17,Facebook/Instagram,Social,19456588.0,7881,44817.72,9413316.8
2024-03-17,Pinterest,Social,7841298.0,6661,18309.43,9413316.8
2024-03-17,TikTok,Social,3430814.0,4226,12406.59,9413316.8
2024-03-24,Forums,Brandwatch,0.0,0,10.329848672059171,9177184.66
2024-03-24,Review,Brandwatch,0.0,0,10.329848672059171,9177184.66
2024-03-24,Tumblr,Brandwatch,0.0,0,10.329848672059171,9177184.66
2024-03-24,X,Brandwatch,17129.0,0,10.329848672059171,9177184.66
2024-03-24,Amazon,Display,659355.0,1220,0.13,0.0
2024-03-24,CBS,Display,699148.0,68,0.16,0.0
2024-03-24,CWTV,Display,201591.0,262,0.16,0.0
2024-03-24,DV360,Display,3385074.0,595,1.7,0.0
2024-03-24,Disney,Display,326303.0,42,0.4,0.0
2024-03-24,Hulu,Display,290478.5,27,0.17,0.0
2024-03-24,Peacock,Display,5.0,3,0.03,0.0
2024-03-24,Roku,Display,258101.0,68,0.31,0.0
2024-03-24,The Trade Desk,Display,1426433.0,1352,3.62,0.0
2024-03-24,Turner,Display,6.0,1,0.05,0.0
2024-03-24,YouTube,Display,41536.5,4,0.03,0.0
2024-03-24,Instagram,Infegy,0.0,0,10.329848672059171,9177184.66
2024-03-24,Facebook/Instagram,Social,20148662.0,8146,46106.13,9177184.66
2024-03-24,Pinterest,Social,7873670.0,6724,18063.32,9177184.66
2024-03-24,TikTok,Social,7346575.0,10376,29103.22,9177184.66
2024-03-24,Cable,TV,2.0,0,77341.0,9177184.66
2024-03-24,NET,TV,2.0,0,24057.0,9177184.66
2024-03-24,SYND,TV,1.0,0,4228.0,9177184.66
2024-03-31,Forums,Brandwatch,0.0,0,10.329848672059171,9080677.05
2024-03-31,X,Brandwatch,4105.0,0,10.329848672059171,9080677.05
2024-03-31,Amazon,Display,70748.0,131,0.04,0.0
2024-03-31,CBS,Display,735534.0,139,0.16,0.0
2024-03-31,CWTV,Display,35306.0,66,0.04,0.0
2024-03-31,DV360,Display,3376533.0,549,1.68,0.0
2024-03-31,Disney,Display,510420.0,70,0.45,0.0
2024-03-31,Hulu,Display,284563.0,27,0.14,0.0
2024-03-31,Peacock,Display,220727.0,110362,0.18,0.0
2024-03-31,Roku,Display,568776.0,154,0.29,0.0
2024-03-31,The Trade Desk,Display,1424973.0,1262,3.56,0.0
2024-03-31,Turner,Display,494126.0,247,0.18,0.0
2024-03-31,YouTube,Display,201187.0,86,0.12,0.0
2024-03-31,Instagram,Infegy,0.0,0,10.329848672059171,9080677.05
2024-03-31,Facebook/Instagram,Social,5178967.0,2214,9410.74,9080677.05
2024-03-31,Pinterest,Social,1379297.0,1342,3494.78,9080677.05
2024-03-31,TikTok,Social,1225085.0,2049,4651.98,9080677.05
2024-03-31,Cable,TV,2.0,0,105498.0,9080677.05
2024-03-31,NET,TV,3.0,0,25461.0,9080677.05
2024-03-31,SYND,TV,1.0,0,10879.0,9080677.05
2024-04-07,Forums,Brandwatch,0.0,0,10.329848672059171,8967695.16
2024-04-07,Review,Brandwatch,0.0,0,10.329848672059171,8967695.16
2024-04-07,X,Brandwatch,6189.0,0,10.329848672059171,8967695.16
2024-04-07,CBS,Display,514511.0,66,0.14,0.0
2024-04-07,DV360,Display,3193439.0,511,1.68,0.0
2024-04-07,Disney,Display,543716.0,68,0.42,0.0
2024-04-07,Hulu,Display,293323.0,26,0.14,0.0
2024-04-07,Peacock,Display,238073.0,119038,0.21,0.0
2024-04-07,Roku,Display,766393.0,206,0.28,0.0
2024-04-07,The Trade Desk,Display,1387994.0,1196,3.67,0.0
2024-04-07,Turner,Display,557464.0,200,0.21,0.0
2024-04-07,YouTube,Display,230139.0,125,0.14,0.0
2024-04-07,Instagram,Infegy,0.0,0,10.329848672059171,8967695.16
2024-04-07,Facebook/Instagram,Social,16973780.0,8184,33058.5,8967695.16
2024-04-07,Pinterest,Social,11757130.0,8819,28877.32,8967695.16
2024-04-07,TikTok,Social,5156120.0,9432,17744.89,8967695.16
2024-04-07,Cable,TV,0.0,0,10.329848672059171,8967695.16
2024-04-14,Forums,Brandwatch,0.0,0,10.329848672059171,9440325.83
2024-04-14,X,Brandwatch,29032.0,0,10.329848672059171,9440325.83
2024-04-14,CBS,Display,488382.0,34,0.14,0.0
2024-04-14,DV360,Display,3152739.0,526,1.68,0.0
2024-04-14,Disney,Display,450198.0,55,0.42,0.0
2024-04-14,Hulu,Display,221451.0,19,0.14,0.0
2024-04-14,Peacock,Display,207773.0,103886,0.21,0.0
2024-04-14,Roku,Display,455367.0,121,0.28,0.0
2024-04-14,The Trade Desk,Display,1406945.0,1229,3.71,0.0
2024-04-14,Turner,Display,513946.0,162,0.21,0.0
2024-04-14,YouTube,Display,229574.0,101,0.14,0.0
2024-04-14,Instagram,Infegy,0.0,0,10.329848672059171,9440325.83
2024-04-14,Facebook/Instagram,Social,18818273.0,8881,41125.56,9440325.83
2024-04-14,Pinterest,Social,13574347.0,10275,34052.1,9440325.83
2024-04-14,TikTok,Social,5820007.0,12067,21749.09,9440325.83
2024-04-21,Forums,Brandwatch,0.0,0,10.329848672059171,9144537.78
2024-04-21,X,Brandwatch,11161.0,0,10.329848672059171,9144537.78
2024-04-21,CBS,Display,462232.0,26,0.14,0.0
2024-04-21,DV360,Display,3210537.0,514,1.68,0.0
2024-04-21,Disney,Display,319091.0,38,0.42,0.0
2024-04-21,Hulu,Display,178352.0,17,0.14,0.0
2024-04-21,Peacock,Display,169154.0,84578,0.21,0.0
2024-04-21,Roku,Display,368828.0,99,0.28,0.0
2024-04-21,The Trade Desk,Display,1420848.0,1145,3.71,0.0
2024-04-21,Turner,Display,485334.0,264,0.21,0.0
2024-04-21,YouTube,Display,229674.0,111,0.14,0.0
2024-04-21,Instagram,Infegy,0.0,0,10.329848672059171,9144537.78
2024-04-21,Facebook/Instagram,Social,18478731.0,8575,41731.73,9144537.78
2024-04-21,Pinterest,Social,12075058.0,8857,31362.73,9144537.78
2024-04-21,TikTok,Social,5614805.0,11136,21609.09,9144537.78
2024-04-21,Cable,TV,2.0,0,157811.0,9144537.78
2024-04-21,NET,TV,3.0,0,52905.0,9144537.78
2024-04-21,SYND,TV,1.0,0,7431.0,9144537.78
2024-04-28,Forums,Brandwatch,0.0,0,10.329848672059171,9106493.23
2024-04-28,X,Brandwatch,2479.0,0,10.329848672059171,9106493.23
2024-04-28,CBS,Display,537365.5,182,0.15,0.0
2024-04-28,DV360,Display,2923994.0,491,1.52,0.0
2024-04-28,Disney,Display,503384.0,60,0.36,0.0
2024-04-28,Hulu,Display,226124.0,29,0.14,0.0
2024-04-28,Peacock,Display,207332.0,103665,0.21,0.0
2024-04-28,Roku,Display,379970.0,105,0.28,0.0
2024-04-28,The Trade Desk,Display,1660987.0,1376,3.73,0.0
2024-04-28,Turner,Display,528877.0,178,0.21,0.0
2024-04-28,YouTube,Display,231250.0,117,0.14,0.0
2024-04-28,Instagram,Infegy,0.0,0,10.329848672059171,9106493.23
2024-04-28,Facebook/Instagram,Social,19637419.0,9147,41945.75,9106493.23
2024-04-28,Pinterest,Social,9617052.0,6872,24336.61,9106493.23
2024-04-28,TikTok,Social,5569831.0,11561,21665.03,9106493.23
2024-04-28,Cable,TV,2.0,0,104857.0,9106493.23
2024-04-28,NET,TV,3.0,0,36200.0,9106493.23
2024-04-28,SYND,TV,1.0,0,7430.0,9106493.23
2024-05-05,Forums,Brandwatch,0.0,0,10.329848672059171,9239521.48
2024-05-05,X,Brandwatch,40919.0,0,10.329848672059171,9239521.48
2024-05-05,CBS,Display,601034.5,78,0.15,0.0
2024-05-05,DV360,Display,2417294.0,412,1.4000000000000001,0.0
2024-05-05,Disney,Display,571531.0,66,0.35000000000000003,0.0
2024-05-05,Hulu,Display,237910.0,26,0.14,0.0
2024-05-05,Peacock,Display,232265.0,116135,0.21,0.0
2024-05-05,Roku,Display,448877.0,120,0.28,0.0
2024-05-05,The Trade Desk,Display,1424321.0,1154,3.73,0.0
2024-05-05,Turner,Display,535788.0,126,0.21,0.0
2024-05-05,YouTube,Display,229841.0,111,0.14,0.0
2024-05-05,Instagram,Infegy,0.0,0,10.329848672059171,9239521.48
2024-05-05,Facebook/Instagram,Social,17619234.0,8007,37844.05,9239521.48
2024-05-05,Pinterest,Social,9019354.0,6802,22808.75,9239521.48
2024-05-05,TikTok,Social,6745404.0,13625,26231.2,9239521.48
2024-05-12,Forums,Brandwatch,0.0,0,10.329848672059171,9206297.42
2024-05-12,Review,Brandwatch,0.0,0,10.329848672059171,9206297.42
2024-05-12,Tumblr,Brandwatch,0.0,0,10.329848672059171,9206297.42
2024-05-12,X,Brandwatch,180824.0,0,10.329848672059171,9206297.42
2024-05-12,CBS,Display,516075.0,107,0.14,0.0
2024-05-12,DV360,Display,3423561.0,525,1.4000000000000001,0.0
2024-05-12,Disney,Display,791261.0,79,0.35000000000000003,0.0
2024-05-12,Hulu,Display,223711.0,74,0.14,0.0
2024-05-12,Peacock,Display,227232.0,113615,0.21,0.0
2024-05-12,Roku,Display,429068.0,115,0.28,0.0
2024-05-12,The Trade Desk,Display,2342923.0,1221,4.88,0.0
2024-05-12,Turner,Display,540090.0,125,0.21,0.0
2024-05-12,YouTube,Display,230376.0,118,0.14,0.0
2024-05-12,Facebook/Instagram,Social,17063571.0,7837,36691.37,9206297.42
2024-05-12,Pinterest,Social,9308977.0,7266,23733.97,9206297.42
2024-05-12,TikTok,Social,7612528.0,14906,30783.17,9206297.42
2024-05-19,Forums,Brandwatch,0.0,0,10.329848672059171,8857268.89
2024-05-19,Review,Brandwatch,0.0,0,10.329848672059171,8857268.89
2024-05-19,Tumblr,Brandwatch,0.0,0,10.329848672059171,8857268.89
2024-05-19,X,Brandwatch,4602.0,0,10.329848672059171,8857268.89
2024-05-19,CBS,Display,494498.0,73,0.14,0.0
2024-05-19,DV360,Display,3637365.0,563,1.4000000000000001,0.0
2024-05-19,Disney,Display,571390.0,71,0.35000000000000003,0.0
2024-05-19,Hulu,Display,246214.0,52,0.14,0.0
2024-05-19,Peacock,Display,251767.0,125886,0.21,0.0
2024-05-19,Roku,Display,406981.0,113,0.28,0.0
2024-05-19,The Trade Desk,Display,3169898.0,1470,5.39,0.0
2024-05-19,Turner,Display,484418.0,81,0.21,0.0
2024-05-19,YouTube,Display,230144.0,115,0.14,0.0
2024-05-19,Instagram,Infegy,0.0,0,10.329848672059171,8857268.89
2024-05-19,Facebook/Instagram,Social,16726347.0,7284,37708.07,8857268.89
2024-05-19,Pinterest,Social,9491390.0,7490,25625.87,8857268.89
2024-05-19,TikTok,Social,7261341.0,14805,30104.13,8857268.89
2024-05-19,Cable,TV,2.0,0,102784.0,8857268.89
2024-05-19,NET,TV,2.0,0,20998.0,8857268.89
2024-05-19,SYND,TV,1.0,0,6103.0,8857268.89
2024-05-26,Forums,Brandwatch,0.0,0,10.329848672059171,8686215.31
2024-05-26,X,Brandwatch,13676.0,0,10.329848672059171,8686215.31
2024-05-26,CBS,Display,630948.0,137,0.16,0.0
2024-05-26,DV360,Display,3580512.0,529,1.4000000000000001,0.0
2024-05-26,Disney,Display,474134.0,51,0.32,0.0
2024-05-26,Hulu,Display,231203.0,39,0.14,0.0
2024-05-26,Peacock,Display,102225.0,51113,0.13,0.0
2024-05-26,Roku,Display,382099.0,104,0.28,0.0
2024-05-26,The Trade Desk,Display,3757741.0,1956,5.26,0.0
2024-05-26,Turner,Display,490363.0,155,0.21,0.0
2024-05-26,YouTube,Display,230173.0,101,0.14,0.0
2024-05-26,Facebook/Instagram,Social,17332294.0,6460,38303.93,8686215.31
2024-05-26,Pinterest,Social,8709776.0,6522,25522.34,8686215.31
2024-05-26,TikTok,Social,7311326.0,16389,30291.41,8686215.31
2024-05-26,Cable,TV,2.0,0,98829.0,8686215.31
2024-05-26,NET,TV,2.0,0,13430.0,8686215.31
2024-05-26,SYND,TV,1.0,0,6104.0,8686215.31
2024-06-02,Forums,Brandwatch,0.0,0,10.329848672059171,8427029.25
2024-06-02,X,Brandwatch,17319.0,0,10.329848672059171,8427029.25
2024-06-02,CBS,Display,556381.0,120,0.14,0.0
2024-06-02,DV360,Display,3702371.0,566,1.4000000000000001,0.0
2024-06-02,Disney,Display,557665.0,62,0.35000000000000003,0.0
2024-06-02,Hulu,Display,242834.0,27,0.14,0.0
2024-06-02,Peacock,Display,223431.0,111717,0.21,0.0
2024-06-02,Roku,Display,445997.0,120,0.28,0.0
2024-06-02,The Trade Desk,Display,3787352.0,2017,4.41,0.0
2024-06-02,Turner,Display,539828.0,110,0.21,0.0
2024-06-02,YouTube,Display,229688.0,104,0.14,0.0
2024-06-02,Facebook/Instagram,Social,22093656.0,8343,51994.83,8427029.25
2024-06-02,Pinterest,Social,7979898.0,7168,22586.15,8427029.25
2024-06-02,TikTok,Social,11779796.0,24795,46943.200000000004,8427029.25
2024-06-09,Forums,Brandwatch,0.0,0,10.329848672059171,8958501.91
2024-06-09,X,Brandwatch,13074.0,0,10.329848672059171,8958501.91
2024-06-09,CBS,Display,863979.5,113,0.21,0.0
2024-06-09,DV360,Display,3809612.0,576,1.4000000000000001,0.0
2024-06-09,Disney,Display,280859.0,29,0.35000000000000003,0.0
2024-06-09,Hulu,Display,237721.0,35,0.14,0.0
2024-06-09,Peacock,Display,194888.0,97443,0.21,0.0
2024-06-09,Roku,Display,399511.0,105,0.28,0.0
2024-06-09,The Trade Desk,Display,3743599.0,1926,4.41,0.0
2024-06-09,Turner,Display,489985.0,144,0.21,0.0
2024-06-09,YouTube,Display,230724.0,114,0.14,0.0
2024-06-09,Facebook/Instagram,Social,16617104.0,6242,40055.45,8958501.91
2024-06-09,Pinterest,Social,8153581.0,8239,21874.54,8958501.91
2024-06-09,TikTok,Social,15018653.0,29841,60654.4,8958501.91
2024-06-16,Forums,Brandwatch,0.0,0,10.329848672059171,8733886.3
2024-06-16,X,Brandwatch,103796.0,0,10.329848672059171,8733886.3
2024-06-16,CBS,Display,112723.5,9,0.03,0.0
2024-06-16,DV360,Display,3977121.0,578,1.4000000000000001,0.0
2024-06-16,Disney,Display,20664.0,4,0.07,0.0
2024-06-16,Hulu,Display,26746.0,3,0.04,0.0
2024-06-16,Peacock,Display,20465.0,10232,0.03,0.0
2024-06-16,Roku,Display,57503.0,16,0.04,0.0
2024-06-16,The Trade Desk,Display,3683082.0,1957,4.41,0.0
2024-06-16,Turner,Display,51029.0,22,0.03,0.0
2024-06-16,YouTube,Display,28946.0,16,0.02,0.0
2024-06-16,Instagram,Infegy,0.0,0,10.329848672059171,8733886.3
2024-06-16,Facebook/Instagram,Social,6189695.0,2232,15699.94,8733886.3
2024-06-16,Pinterest,Social,5140023.0,5343,17248.46,8733886.3
2024-06-16,TikTok,Social,2210798.0,3918,8935.03,8733886.3
2024-06-23,Forums,Brandwatch,0.0,0,10.329848672059171,8395958.04
2024-06-23,Review,Brandwatch,0.0,0,10.329848672059171,8395958.04
2024-06-23,X,Brandwatch,37520.0,0,10.329848672059171,8395958.04
2024-06-23,DV360,Display,3952157.0,595,1.4000000000000001,0.0
2024-06-23,Roku,Display,7.0,12,0.04,0.0
2024-06-23,The Trade Desk,Display,3633453.0,1874,4.63,0.0
2024-06-23,YouTube,Display,27691.0,2,0.02,0.0
2024-06-23,Facebook/Instagram,Social,17349781.0,6422,49182.68,8395958.04
2024-06-23,Pinterest,Social,12990137.0,13164,39308.89,8395958.04
2024-06-23,TikTok,Social,5643346.0,8775,22314.32,8395958.04
2024-06-30,Forums,Brandwatch,0.0,0,10.329848672059171,8375325.51
2024-06-30,Tumblr,Brandwatch,0.0,0,10.329848672059171,8375325.51
2024-06-30,X,Brandwatch,184225.0,0,10.329848672059171,8375325.51
2024-06-30,Amazon,Display,72.0,0,0.08,0.0
2024-06-30,DV360,Display,4113611.0,613,1.4000000000000001,0.0
2024-06-30,The Trade Desk,Display,4278185.0,2454,6.86,0.0
2024-06-30,Instagram,Infegy,0.0,0,10.329848672059171,8375325.51
2024-06-30,Facebook/Instagram,Social,20278112.0,8460,50189.409999999996,8375325.51
2024-06-30,Pinterest,Social,14592038.0,15084,38837.73,8375325.51
2024-06-30,TikTok,Social,10930543.0,19858,38051.2,8375325.51
2024-07-07,Forums,Brandwatch,0.0,0,10.329848672059171,8296420.96
2024-07-07,Review,Brandwatch,0.0,0,10.329848672059171,8296420.96
2024-07-07,Tumblr,Brandwatch,0.0,0,10.329848672059171,8296420.96
2024-07-07,X,Brandwatch,2761.0,0,10.329848672059171,8296420.96
2024-07-07,Amazon,Display,14.0,0,0.14,0.0
2024-07-07,DV360,Display,3867092.0,614,1.4000000000000001,0.0
2024-07-07,Home Team Sports,Display,5.0,0,0.01,0.0
2024-07-07,Peacock,Display,2.0,1,0.01,0.0
2024-07-07,The Trade Desk,Display,3136124.0,2375,6.54,0.0
2024-07-07,Instagram,Infegy,0.0,0,10.329848672059171,8296420.96
2024-07-07,Facebook/Instagram,Social,23464731.0,9596,57895.7,8296420.96
2024-07-07,Pinterest,Social,13755096.0,13949,37968.61,8296420.96
2024-07-07,TikTok,Social,13827053.0,23861,48184.48,8296420.96
2024-07-07,Cable,TV,0.0,0,10.329848672059171,8296420.96
2024-07-14,Forums,Brandwatch,0.0,0,10.329848672059171,8785715.65
2024-07-14,Review,Brandwatch,0.0,0,10.329848672059171,8785715.65
2024-07-14,Tumblr,Brandwatch,0.0,0,10.329848672059171,8785715.65
2024-07-14,X,Brandwatch,44856.0,0,10.329848672059171,8785715.65
2024-07-14,Amazon,Display,435938.0,806,0.14,0.0
2024-07-14,CBS,Display,529640.5,101,0.13,0.0
2024-07-14,DV360,Display,4018591.0,642,1.4000000000000001,0.0
2024-07-14,Disney,Display,349461.0,34,0.24,0.0
2024-07-14,Home Team Sports,Display,254963.0,190,0.12,0.0
2024-07-14,Hulu,Display,364624.0,33,0.12,0.0
2024-07-14,Peacock,Display,169264.0,84633,0.12,0.0
2024-07-14,Roku,Display,293225.0,78,0.24,0.0
2024-07-14,The Trade Desk,Display,2405384.0,2226,4.74,0.0
2024-07-14,Turner,Display,486826.0,89,0.18,0.0
2024-07-14,YouTube,Display,201085.0,53,0.12,0.0
2024-07-14,Instagram,Infegy,0.0,0,10.329848672059171,8785715.65
2024-07-14,Facebook/Instagram,Social,28131160.0,11450,73778.54,8785715.65
2024-07-14,Pinterest,Social,6048640.0,4735,19313.21,8785715.65
2024-07-14,TikTok,Social,14057863.0,21855,47634.87,8785715.65
2024-07-14,Cable,TV,2.0,0,120098.0,8785715.65
2024-07-14,NET,TV,2.0,0,28396.0,8785715.65
2024-07-14,SYND,TV,1.0,0,3223.0,8785715.65
2024-07-21,Forums,Brandwatch,0.0,0,10.329848672059171,8937828.58
2024-07-21,Review,Brandwatch,0.0,0,10.329848672059171,8937828.58
2024-07-21,X,Brandwatch,24532.0,0,10.329848672059171,8937828.58
2024-07-21,Amazon,Display,478519.0,884,0.14,0.0
2024-07-21,CBS,Display,510420.0,42,0.14,0.0
2024-07-21,DV360,Display,3395393.0,577,1.32,0.0
2024-07-21,Disney,Display,385762.0,38,0.28,0.0
2024-07-21,Home Team Sports,Display,300063.0,191,0.14,0.0
2024-07-21,Hulu,Display,409997.0,32,0.14,0.0
2024-07-21,Peacock,Display,128079.0,64041,0.14,0.0
2024-07-21,Roku,Display,331884.0,89,0.28,0.0
2024-07-21,The Trade Desk,Display,2230011.0,2100,4.16,0.0
2024-07-21,Turner,Display,507531.0,99,0.21,0.0
2024-07-21,YouTube,Display,229956.0,73,0.14,0.0
2024-07-21,Facebook/Instagram,Social,26188227.0,9470,74332.43,8937828.58
2024-07-21,Pinterest,Social,8183546.0,5703,27500.5,8937828.58
2024-07-21,TikTok,Social,13675003.0,22615,47329.77,8937828.58
2024-07-21,Cable,TV,1.0,0,112628.0,8937828.58
2024-07-21,NET,TV,2.0,0,65107.0,8937828.58
2024-07-21,SYND,TV,1.0,0,3223.0,8937828.58
2024-07-28,Forums,Brandwatch,0.0,0,10.329848672059171,8734735.01
2024-07-28,Review,Brandwatch,0.0,0,10.329848672059171,8734735.01
2024-07-28,X,Brandwatch,137970.0,0,10.329848672059171,8734735.01
2024-07-28,Amazon,Display,467734.0,863,0.14,0.0
2024-07-28,CBS,Display,627737.0,68,0.16,0.0
2024-07-28,DV360,Display,6154828.0,839,1.4000000000000001,0.0
2024-07-28,Disney,Display,369853.0,42,0.27,0.0
2024-07-28,Home Team Sports,Display,262358.0,165,0.14,0.0
2024-07-28,Hulu,Display,304865.0,19,0.14,0.0
2024-07-28,Peacock,Display,253274.0,126639,0.12,0.0
2024-07-28,Roku,Display,287446.0,74,0.28,0.0
2024-07-28,The Trade Desk,Display,2216110.0,2267,4.15,0.0
2024-07-28,Turner,Display,531246.0,293,0.21,0.0
2024-07-28,YouTube,Display,230244.0,72,0.14,0.0
2024-07-28,Instagram,Infegy,0.0,0,10.329848672059171,8734735.01
2024-07-28,Facebook/Instagram,Social,27215169.0,10472,74487.18,8734735.01
2024-07-28,Pinterest,Social,8191128.0,5674,26912.99,8734735.01
2024-07-28,TikTok,Social,17662522.0,30673,60243.39,8734735.01
2024-07-28,NET,TV,0.0,0,10.329848672059171,8734735.01
2024-08-04,Forums,Brandwatch,0.0,0,10.329848672059171,9108913.65
2024-08-04,Tumblr,Brandwatch,0.0,0,10.329848672059171,9108913.65
2024-08-04,X,Brandwatch,28092.0,0,10.329848672059171,9108913.65
2024-08-04,Amazon,Display,433046.0,800,0.14,0.0
2024-08-04,CBS,Display,605453.0,54,0.14,0.0
2024-08-04,DV360,Display,8167275.0,1175,1.4000000000000001,0.0
2024-08-04,Disney,Display,441222.0,40,0.28,0.0
2024-08-04,Home Team Sports,Display,251906.0,157,0.14,0.0
2024-08-04,Hulu,Display,254513.0,28,0.14,0.0
2024-08-04,Peacock,Display,268239.0,134120,0.12,0.0
2024-08-04,Roku,Display,414001.0,112,0.28,0.0
2024-08-04,The Trade Desk,Display,2688108.0,3087,4.13,0.0
2024-08-04,Turner,Display,547474.0,105,0.21,0.0
2024-08-04,YouTube,Display,229960.0,59,0.14,0.0
2024-08-04,Facebook/Instagram,Social,27610274.0,11444,74035.41,9108913.65
2024-08-04,Pinterest,Social,8248920.0,5543,26872.75,9108913.65
2024-08-04,TikTok,Social,20682371.0,37920,72495.24,9108913.65
2024-08-11,Forums,Brandwatch,0.0,0,10.329848672059171,9395828.13
2024-08-11,X,Brandwatch,17754.0,0,10.329848672059171,9395828.13
2024-08-11,Amazon,Display,422121.0,779,0.14,0.0
2024-08-11,CBS,Display,584067.0,66,0.14,0.0
2024-08-11,DV360,Display,5946472.0,894,1.4000000000000001,0.0
2024-08-11,Disney,Display,399595.0,40,0.28,0.0
2024-08-11,Home Team Sports,Display,263990.0,158,0.14,0.0
2024-08-11,Hulu,Display,235765.0,20,0.14,0.0
2024-08-11,Peacock,Display,152641.0,76323,0.17,0.0
2024-08-11,Roku,Display,352274.0,93,0.28,0.0
2024-08-11,The Trade Desk,Display,2567675.0,2682,4.13,0.0
2024-08-11,Turner,Display,540380.0,102,0.21,0.0
2024-08-11,YouTube,Display,230124.0,63,0.14,0.0
2024-08-11,Facebook/Instagram,Social,32004242.0,13907,87381.44,9395828.13
2024-08-11,Pinterest,Social,6193941.0,4117,21073.41,9395828.13
2024-08-11,TikTok,Social,25942657.0,41887,89621.11,9395828.13
2024-08-11,Cable,TV,2.0,0,125945.0,9395828.13
2024-08-11,NET,TV,2.0,0,24256.0,9395828.13
2024-08-11,SYND,TV,1.0,0,6225.0,9395828.13
2024-08-18,Forums,Brandwatch,0.0,0,10.329848672059171,9336048.45
2024-08-18,X,Brandwatch,29998.0,0,10.329848672059171,9336048.45
2024-08-18,Amazon,Display,370611.0,684,0.14,0.0
2024-08-18,CBS,Display,561831.0,92,0.14,0.0
2024-08-18,DV360,Display,5624662.0,792,1.44,0.0
2024-08-18,Disney,Display,397755.0,37,0.28,0.0
2024-08-18,Home Team Sports,Display,243073.0,130,0.14,0.0
2024-08-18,Hulu,Display,234521.0,18,0.14,0.0
2024-08-18,Peacock,Display,147002.0,73502,0.21,0.0
2024-08-18,Roku,Display,286494.0,78,0.28,0.0
2024-08-18,The Trade Desk,Display,2505202.0,2485,4.53,0.0
2024-08-18,Turner,Display,481401.0,94,0.21,0.0
2024-08-18,YouTube,Display,230081.0,64,0.14,0.0
2024-08-18,Instagram,Infegy,0.0,0,10.329848672059171,9336048.45
2024-08-18,Facebook/Instagram,Social,33955667.0,14333,95448.81999999999,9336048.45
2024-08-18,Pinterest,Social,8289484.0,5258,28854.32,9336048.45
2024-08-18,TikTok,Social,31950268.0,51765,109122.59,9336048.45
2024-08-18,Cable,TV,1.0,0,113125.0,9336048.45
2024-08-18,NET,TV,1.0,0,3698.0,9336048.45
2024-08-18,SYND,TV,1.0,0,6224.0,9336048.45
2024-08-25,Forums,Brandwatch,0.0,0,10.329848672059171,9110142.8
2024-08-25,Tumblr,Brandwatch,0.0,0,10.329848672059171,9110142.8
2024-08-25,X,Brandwatch,7516.0,0,10.329848672059171,9110142.8
2024-08-25,Amazon,Display,313548.0,579,0.14,0.0
2024-08-25,CBS,Display,546266.5,93,0.15,0.0
2024-08-25,DV360,Display,11865476.0,1782,3.0,0.0
2024-08-25,Disney,Display,378749.0,37,0.28,0.0
2024-08-25,Home Team Sports,Display,197913.0,108,0.14,0.0
2024-08-25,Hulu,Display,200533.0,17,0.14,0.0
2024-08-25,Peacock,Display,123222.0,61612,0.21,0.0
2024-08-25,Roku,Display,147686.0,38,0.28,0.0
2024-08-25,The Trade Desk,Display,5801553.0,5645,7.03,0.0
2024-08-25,Turner,Display,468670.0,321,0.21,0.0
2024-08-25,YouTube,Display,229971.0,58,0.14,0.0
2024-08-25,Instagram,Infegy,0.0,0,10.329848672059171,9110142.8
2024-08-25,Facebook/Instagram,Social,40734690.0,17227,118816.68,9110142.8
2024-08-25,Pinterest,Social,8422826.0,5169,30288.89,9110142.8
2024-08-25,TikTok,Social,31593166.0,49777,106917.32,9110142.8
2024-08-25,NET,TV,0.0,0,10.329848672059171,9110142.8
2024-09-01,Forums,Brandwatch,0.0,0,10.329848672059171,8819734.43
2024-09-01,X,Brandwatch,2334.0,0,10.329848672059171,8819734.43
2024-09-01,Amazon,Display,295684.0,547,0.14,0.0
2024-09-01,CBS,Display,969748.5,99,0.15,0.0
2024-09-01,DV360,Display,12697095.0,1958,3.64,0.0
2024-09-01,Disney,Display,413832.0,33,0.28,0.0
2024-09-01,Home Team Sports,Display,201633.0,137,0.14,0.0
2024-09-01,Hulu,Display,251530.0,28,0.14,0.0
2024-09-01,Peacock,Display,319393.0,159697,0.21,0.0
2024-09-01,Roku,Display,395497.0,109,0.28,0.0
2024-09-01,The Trade Desk,Display,6341063.0,5562,8.4,0.0
2024-09-01,Turner,Display,567240.0,69,0.21,0.0
2024-09-01,YouTube,Display,230200.0,57,0.14,0.0
2024-09-01,Instagram,Infegy,0.0,0,10.329848672059171,8819734.43
2024-09-01,Facebook/Instagram,Social,53383385.0,23750,156976.92,8819734.43
2024-09-01,Pinterest,Social,9081915.0,5625,29841.26,8819734.43
2024-09-01,TikTok,Social,32175242.0,47902,102161.72,8819734.43
2024-09-01,NET,TV,0.0,0,10.329848672059171,8819734.43
2024-09-08,Forums,Brandwatch,0.0,0,10.329848672059171,9011592.47
2024-09-08,Review,Brandwatch,0.0,0,10.329848672059171,9011592.47
2024-09-08,X,Brandwatch,73756.0,0,10.329848672059171,9011592.47
2024-09-08,Amazon,Display,276862.0,510,0.14,0.0
2024-09-08,CBS,Display,869999.0,74,0.14,0.0
2024-09-08,DV360,Display,12696070.0,1744,3.64,0.0
2024-09-08,Disney,Display,391578.0,26,0.28,0.0
2024-09-08,Home Team Sports,Display,294022.0,75,0.14,0.0
2024-09-08,Hulu,Display,244188.0,23,0.14,0.0
2024-09-08,Peacock,Display,216143.0,108072,0.17,0.0
2024-09-08,Roku,Display,384105.0,104,0.28,0.0
2024-09-08,The Trade Desk,Display,5858865.0,4952,10.09,0.0
2024-09-08,Turner,Display,560755.0,88,0.21,0.0
2024-09-08,YouTube,Display,230207.0,55,0.14,0.0
2024-09-08,Instagram,Infegy,0.0,0,10.329848672059171,9011592.47
2024-09-08,Facebook/Instagram,Social,22134984.0,9012,69069.47,9011592.47
2024-09-08,Pinterest,Social,5651678.0,4624,18179.38,9011592.47
2024-09-08,TikTok,Social,4365033.0,6463,13160.77,9011592.47
2024-09-15,Forums,Brandwatch,0.0,0,10.329848672059171,9037906.44
2024-09-15,X,Brandwatch,7974.0,0,10.329848672059171,9037906.44
2024-09-15,Amazon,Display,235392.0,435,0.14,0.0
2024-09-15,CBS,Display,892319.5,109,0.15,0.0
2024-09-15,DV360,Display,10913123.0,1599,3.64,0.0
2024-09-15,Disney,Display,428814.0,60,0.28,0.0
2024-09-15,Home Team Sports,Display,148231.0,37,0.14,0.0
2024-09-15,Hulu,Display,280114.0,35,0.14,0.0
2024-09-15,Peacock,Display,142070.0,71034,0.17,0.0
2024-09-15,Roku,Display,291024.0,80,0.28,0.0
2024-09-15,The Trade Desk,Display,5139290.0,4797,10.09,0.0
2024-09-15,Turner,Display,491909.0,98,0.21,0.0
2024-09-15,YouTube,Display,230243.0,46,0.14,0.0
2024-09-15,Instagram,Infegy,0.0,0,10.329848672059171,9037906.44
2024-09-15,Facebook/Instagram,Social,36203958.0,16730,137255.44,9037906.44
2024-09-15,Pinterest,Social,9120925.0,7551,28872.81,9037906.44
2024-09-15,TikTok,Social,8052279.0,10852,28841.58,9037906.44
2024-09-22,Forums,Brandwatch,0.0,0,10.329848672059171,8950715.69
2024-09-22,X,Brandwatch,73679.0,0,10.329848672059171,8950715.69
2024-09-22,Amazon,Display,189247.0,350,0.14,0.0
2024-09-22,CBS,Display,751381.0,187,0.14,0.0
2024-09-22,DV360,Display,8013633.0,1400,3.68,0.0
2024-09-22,Disney,Display,329038.0,27,0.29,0.0
2024-09-22,Home Team Sports,Display,91058.0,37,0.16,0.0
2024-09-22,Hulu,Display,1161002.5,176,0.13,0.0
2024-09-22,NBCU,Display,7.0,2,0.02,0.0
2024-09-22,Peacock,Display,457454.0,228728,0.21,0.0
2024-09-22,Roku,Display,186799.0,50,0.28,0.0
2024-09-22,The Trade Desk,Display,3987080.0,3614,9.68,0.0
2024-09-22,Turner,Display,496501.0,150,0.21,0.0
2024-09-22,YouTube,Display,229923.0,54,0.14,0.0
2024-09-22,Facebook/Instagram,Social,43282501.0,16355,137093.16,8950715.69
2024-09-22,Pinterest,Social,8385704.0,7023,28308.18,8950715.69
2024-09-22,TikTok,Social,19379106.0,28116,67736.23,8950715.69
2024-09-29,Forums,Brandwatch,0.0,0,10.329848672059171,8994318.9
2024-09-29,Review,Brandwatch,0.0,0,10.329848672059171,8994318.9
2024-09-29,X,Brandwatch,170348.0,0,10.329848672059171,8994318.9
2024-09-29,Amazon,Display,15734.0,29,0.04,0.0
2024-09-29,CBS,Display,157026.5,58,0.03,0.0
2024-09-29,DV360,Display,8593735.0,1394,3.64,0.0
2024-09-29,Disney,Display,1372798.0,118,0.3,0.0
2024-09-29,Home Team Sports,Display,145371.0,121,0.1,0.0
2024-09-29,Hulu,Display,1845565.5,206,0.13,0.0
2024-09-29,NBCU,Display,505912.0,202,0.12,0.0
2024-09-29,Peacock,Display,8553.0,4276,0.02,0.0
2024-09-29,Roku,Display,4247.0,1,0.04,0.0
2024-09-29,The Trade Desk,Display,4218322.0,3841,9.67,0.0
2024-09-29,Turner,Display,34208.0,12,0.03,0.0
2024-09-29,YouTube,Display,42873.5,20,0.03,0.0
2024-09-29,Facebook/Instagram,Social,45989610.0,18512,136410.29,8994318.9
2024-09-29,Pinterest,Social,10204544.0,8381,28360.739999999998,8994318.9
2024-09-29,TikTok,Social,22605449.0,31124,67716.55,8994318.9
2024-10-06,Forums,Brandwatch,0.0,0,10.329848672059171,9883030.99
2024-10-06,X,Brandwatch,3938.0,0,10.329848672059171,9883030.99
2024-10-06,DV360,Display,8662047.0,1393,3.64,0.0
2024-10-06,Disney,Display,490119.0,52,0.34,0.0
2024-10-06,Home Team Sports,Display,489769.0,259,0.18,0.0
2024-10-06,Hulu,Display,1308229.0,90,0.14,0.0
2024-10-06,NBCU,Display,831010.0,251,0.21,0.0
2024-10-06,The Trade Desk,Display,4264571.0,3621,9.56,0.0
2024-10-06,Facebook/Instagram,Social,37530248.0,14119,107195.71,9883030.99
2024-10-06,Pinterest,Social,8446889.0,7122,24725.74,9883030.99
2024-10-06,TikTok,Social,18692897.0,25477,54574.89,9883030.99
2024-10-13,Forums,Brandwatch,0.0,0,10.329848672059171,9087049.97
2024-10-13,X,Brandwatch,17731.0,0,10.329848672059171,9087049.97
2024-10-13,DV360,Display,8836207.0,1395,3.64,0.0
2024-10-13,Disney,Display,821977.0,106,0.41000000000000003,0.0
2024-10-13,Home Team Sports,Display,521786.0,278,0.21,0.0
2024-10-13,Hulu,Display,1310226.0,135,0.14,0.0
2024-10-13,NBCU,Display,803742.0,244,0.21,0.0
2024-10-13,The Trade Desk,Display,4363318.0,3771,9.51,0.0
2024-10-13,Instagram,Infegy,0.0,0,10.329848672059171,9087049.97
2024-10-13,Facebook/Instagram,Social,45273370.0,18957,137854.8,9087049.97
2024-10-13,Pinterest,Social,10693980.0,8923,29091.45,9087049.97
2024-10-13,TikTok,Social,23398223.0,32889,67952.51,9087049.97
2024-10-20,Forums,Brandwatch,0.0,0,10.329848672059171,8796892.58
2024-10-20,X,Brandwatch,36405.0,0,10.329848672059171,8796892.58
2024-10-20,DV360,Display,9122718.0,1404,3.64,0.0
2024-10-20,Disney,Display,694569.0,78,0.42,0.0
2024-10-20,Home Team Sports,Display,582193.0,189,0.21,0.0
2024-10-20,Hulu,Display,1272012.0,76,0.14,0.0
2024-10-20,NBCU,Display,855359.0,258,0.21,0.0
2024-10-20,The Trade Desk,Display,4479003.0,3872,9.620000000000001,0.0
2024-10-20,Instagram,Infegy,0.0,0,10.329848672059171,8796892.58
2024-10-20,Facebook/Instagram,Social,43378721.0,19572,137605.43,8796892.58
2024-10-20,Pinterest,Social,16926286.0,14757,54766.0,8796892.58
2024-10-20,TikTok,Social,21769046.0,30021,66584.01,8796892.58
2024-10-27,Forums,Brandwatch,0.0,0,10.329848672059171,8582212.08
2024-10-27,Review,Brandwatch,0.0,0,10.329848672059171,8582212.08
2024-10-27,X,Brandwatch,42288.0,0,10.329848672059171,8582212.08
2024-10-27,DV360,Display,9156850.0,1481,3.64,0.0
2024-10-27,Disney,Display,545776.0,60,0.42,0.0
2024-10-27,Home Team Sports,Display,626819.0,203,0.21,0.0
2024-10-27,Hulu,Display,1258782.0,88,0.14,0.0
2024-10-27,NBCU,Display,763681.0,195,0.21,0.0
2024-10-27,The Trade Desk,Display,4258345.0,4127,9.92,0.0
2024-10-27,Instagram,Infegy,0.0,0,10.329848672059171,8582212.08
2024-10-27,Facebook/Instagram,Social,45728310.0,23254,140485.94,8582212.08
2024-10-27,Pinterest,Social,18650202.0,16435,58876.46,8582212.08
2024-10-27,TikTok,Social,22504343.0,30969,66297.32,8582212.08
2024-11-03,Forums,Brandwatch,0.0,0,10.329848672059171,8675634.39
2024-11-03,X,Brandwatch,6976.0,0,10.329848672059171,8675634.39
2024-11-03,DV360,Display,9709487.0,1515,3.64,0.0
2024-11-03,Disney,Display,85292.0,9,0.08,0.0
2024-11-03,Home Team Sports,Display,39523.0,12,0.05,0.0
2024-11-03,Hulu,Display,100932.0,7,0.04,0.0
2024-11-03,NBCU,Display,101442.0,19,0.03,0.0
2024-11-03,The Trade Desk,Display,4241049.0,3943,10.15,0.0
2024-11-03,Instagram,Infegy,0.0,0,10.329848672059171,8675634.39
2024-11-03,Facebook/Instagram,Social,28679376.0,13348,75891.16,8675634.39
2024-11-03,Pinterest,Social,2764833.0,2558,8401.1,8675634.39
2024-11-03,TikTok,Social,12961486.0,17743,35797.38,8675634.39
2024-11-10,Forums,Brandwatch,0.0,0,10.329848672059171,9172132.53
2024-11-10,X,Brandwatch,67431.0,0,10.329848672059171,9172132.53
2024-11-10,DV360,Display,9823767.0,1518,3.64,0.0
2024-11-10,The Trade Desk,Display,4123003.0,3790,10.15,0.0
2024-11-10,Instagram,Infegy,0.0,0,10.329848672059171,9172132.53
2024-11-10,Facebook/Instagram,Social,46795407.0,23940,150765.58000000002,9172132.53
2024-11-10,Pinterest,Social,145101.0,121,459.47,9172132.53
2024-11-10,TikTok,Social,25824055.0,32890,70489.08,9172132.53
2024-11-17,Forums,Brandwatch,0.0,0,10.329848672059171,8896196.84
2024-11-17,Tumblr,Brandwatch,0.0,0,10.329848672059171,8896196.84
2024-11-17,X,Brandwatch,35740.0,0,10.329848672059171,8896196.84
2024-11-17,DV360,Display,10349295.0,1621,3.64,0.0
2024-11-17,The Trade Desk,Display,4614660.0,4177,9.97,0.0
2024-11-17,Instagram,Infegy,0.0,0,10.329848672059171,8896196.84
2024-11-17,Facebook/Instagram,Social,44508426.0,22451,155827.53,8896196.84
2024-11-17,Pinterest,Social,158292.0,132,501.24,8896196.84
2024-11-17,TikTok,Social,24973147.0,29327,70161.87,8896196.84
2024-11-21,DV360,Display,10248739.0,1668,3.64,0.0
2024-11-21,The Trade Desk,Display,4920433.0,4430,10.33,0.0
2024-11-24,Forums,Brandwatch,0.0,0,10.329848672059171,8677577.53
2024-11-24,Review,Brandwatch,0.0,0,10.329848672059171,8677577.53
2024-11-24,X,Brandwatch,24378.0,0,10.329848672059171,8677577.53
2024-11-24,Instagram,Infegy,0.0,0,10.329848672059171,8677577.53
2024-11-24,Facebook/Instagram,Social,40246705.0,19805,154207.56,8677577.53
2024-11-24,Pinterest,Social,158292.0,132,501.24,8677577.53
2024-11-24,TikTok,Social,21992536.0,25124,69221.99,8677577.53
2024-12-01,Forums,Brandwatch,0.0,0,10.329848672059171,7007247.79
2024-12-01,X,Brandwatch,5587.0,0,10.329848672059171,7007247.79
2024-12-01,DV360,Display,10493862.0,1642,3.64,0.0
2024-12-01,The Trade Desk,Display,3720857.0,3212,8.67,0.0
2024-12-01,Facebook/Instagram,Social,42358496.0,21031,155052.27,7007247.79
2024-12-01,Pinterest,Social,197865.0,165,626.5500000000001,7007247.79
2024-12-01,TikTok,Social,23990443.0,28137,68667.08,7007247.79
2024-12-08,Forums,Brandwatch,0.0,0,10.329848672059171,8385328.59
2024-12-08,X,Brandwatch,2785.0,0,10.329848672059171,8385328.59
2024-12-08,DV360,Display,10768324.0,1707,3.64,0.0
2024-12-08,The Trade Desk,Display,3483481.0,2992,8.28,0.0
2024-12-08,Instagram,Infegy,0.0,0,10.329848672059171,8385328.59
2024-12-08,Facebook/Instagram,Social,40751993.0,21209,140145.74,8385328.59
2024-12-08,Pinterest,Social,224247.0,187,710.09,8385328.59
2024-12-08,TikTok,Social,23263042.0,27228,64694.44,8385328.59
2024-12-15,X,Brandwatch,15234.0,0,10.329848672059171,8446257.21
2024-12-15,DV360,Display,10559097.5,1719,3.2600000000000002,8446257.21
2024-12-15,The Trade Desk,Display,3236932.0,2840,7.7,8446257.21
2024-12-15,Instagram,Infegy,0.0,0,10.329848672059171,8446257.21
2024-12-15,Facebook/Instagram,Social,37261218.0,18580,124230.2,8446257.21
2024-12-15,Pinterest,Social,184674.0,154,584.7800000000001,8446257.21
2024-12-15,TikTok,Social,23312767.0,28572,69474.16,8446257.21
2024-12-22,Forums,Brandwatch,0.0,0,10.329848672059171,8210337.6
2024-12-22,X,Brandwatch,434426.0,0,10.329848672059171,8210337.6
2024-12-22,DV360,Display,13426544.5,2115,4.0200000000000005,8210337.6
2024-12-22,The Trade Desk,Display,3770707.0,3594,9.13,8210337.6
2024-12-22,Instagram,Infegy,0.0,0,10.329848672059171,8210337.6
2024-12-22,Facebook/Instagram,Social,60337689.0,30374,177852.12,8210337.6
2024-12-22,Pinterest,Social,105528.0,88,334.16,8210337.6
2024-12-22,TikTok,Social,26127505.0,33036,69923.15,8210337.6
2024-12-29,X,Brandwatch,15821.0,0,10.329848672059171,6861954.95
2024-12-29,DV360,Display,2360233.0,337,0.68,6861954.95
2024-12-29,The Trade Desk,Display,282075.0,350,1.23,6861954.95
2024-12-29,Instagram,Infegy,0.0,0,10.329848672059171,6861954.95
2024-12-29,Facebook/Instagram,Social,8466381.0,4080,22604.66,6861954.95
2024-12-29,Pinterest,Social,79146.0,66,250.62,6861954.95
2024-12-29,TikTok,Social,3761562.0,5221,9327.44,6861954.95
2025-01-05,Forums,Brandwatch,0.0,0,10.329848672059171,8918305.88
2025-01-05,Review,Brandwatch,0.0,0,10.329848672059171,8918305.88
2025-01-05,X,Brandwatch,513187.5,0,10.329848672059171,8918305.88
2025-01-05,Instagram,Infegy,0.0,0,10.329848672059171,8918305.88
2025-01-12,Forums,Brandwatch,0.0,0,10.329848672059171,8994594.5
2025-01-12,X,Brandwatch,1737.0,0,10.329848672059171,8994594.5
2025-01-12,Instagram,Infegy,0.0,0,10.329848672059171,8994594.5
2025-01-19,Forums,Brandwatch,0.0,0,10.329848672059171,8624158.96
2025-01-19,X,Brandwatch,446204.0,0,10.329848672059171,8624158.96
2025-01-19,Instagram,Infegy,0.0,0,10.329848672059171,8624158.96
2025-01-26,Forums,Brandwatch,0.0,0,10.329848672059171,8104491.06
2025-01-26,Review,Brandwatch,0.0,0,10.329848672059171,8104491.06
2025-01-26,X,Brandwatch,22983.0,0,10.329848672059171,8104491.06
2025-01-26,Instagram,Infegy,0.0,0,10.329848672059171,8104491.06
2025-02-02,Forums,Brandwatch,0.0,0,10.329848672059171,8113824.0
2025-02-02,Tumblr,Brandwatch,0.0,0,10.329848672059171,8113824.0
2025-02-02,X,Brandwatch,31407.0,0,10.329848672059171,8113824.0
2025-02-02,Instagram,Infegy,0.0,0,10.329848672059171,8113824.0
2025-02-09,Forums,Brandwatch,0.0,0,10.329848672059171,8409703.06
2025-02-09,X,Brandwatch,77040.0,0,10.329848672059171,8409703.06
2025-02-09,Instagram,Infegy,0.0,0,10.329848672059171,8409703.06
2025-02-16,Forums,Brandwatch,0.0,0,10.329848672059171,7980922.05
2025-02-16,X,Brandwatch,513685.0,0,10.329848672059171,7980922.05
2025-02-16,Instagram,Infegy,0.0,0,10.329848672059171,7980922.05
2025-02-23,Tumblr,Brandwatch,0.0,0,10.329848672059171,8103404.68
2025-02-23,X,Brandwatch,9647.0,0,10.329848672059171,8103404.68
2025-02-23,Instagram,Infegy,0.0,0,10.329848672059171,8103404.68
2025-03-02,Forums,Brandwatch,0.0,0,10.329848672059171,0.0
2025-03-02,X,Brandwatch,9838.0,0,10.329848672059171,0.0
2025-03-02,Instagram,Infegy,0.0,0,10.329848672059171,0.0
2025-03-09,Forums,Brandwatch,0.0,0,10.329848672059171,0.0
2025-03-09,X,Brandwatch,22209.0,0,10.329848672059171,0.0
2025-03-16,Tumblr,Brandwatch,0.0,0,10.329848672059171,0.0
2025-03-16,X,Brandwatch,10219.0,0,10.329848672059171,0.0
2025-03-23,Forums,Brandwatch,0.0,0,10.329848672059171,0.0
2025-03-23,X,Brandwatch,199117.0,0,10.329848672059171,0.0
2025-03-30,Forums,Brandwatch,0.0,0,10.329848672059171,0.0
2025-03-30,Tumblr,Brandwatch,0.0,0,10.329848672059171,0.0
2025-03-30,X,Brandwatch,13227.0,0,10.329848672059171,0.0
2025-04-06,Forums,Brandwatch,0.0,0,10.329848672059171,0.0
2025-04-06,X,Brandwatch,118185.0,0,10.329848672059171,0.0
2025-04-13,X,Brandwatch,28698.0,0,10.329848672059171,0.0
2025-04-20,Forums,Brandwatch,0.0,0,10.329848672059171,0.0
2025-04-20,X,Brandwatch,14410.0,0,10.329848672059171,0.0
